PDB,Wild,Number,RSA,Mutated,Hdiff,Vdiff,dataset
2LZM,S,44,0.576,S,0.0,0.000,B655_synon
1STN,W,140,0.232,W,0.0,0.000,B655_synon
1BNI,D,8,0.628,D,0.0,0.000,B655_synon
1SHG,D,48,0.748,D,0.0,0.000,B655_synon
1STN,D,77,0.023,D,0.0,0.000,B655_synon
1STN,D,83,0.256,D,0.0,0.000,B655_synon
4LYZ,D,101,0.680,D,0.0,0.000,B655_synon
1BNI,E,29,0.489,E,0.0,0.000,B655_synon
1POH,K,49,0.440,K,0.0,0.000,B655_synon
2CI2,K,36,0.450,K,0.0,0.000,B655_synon
2CI2,K,37,0.680,K,0.0,0.000,B655_synon
2LZM,K,124,0.494,K,0.0,0.000,B655_synon
2RN2,K,95,0.673,K,0.0,0.000,B655_synon
1BNI,S,28,0.649,S,0.0,0.000,B655_synon
1VQB,E,30,0.296,E,0.0,0.000,B655_synon
2LZM,E,11,0.199,E,0.0,0.000,B655_synon
1VQB,C,33,0.000,C,0.0,0.000,B655_synon
1LZ1,V,2,0.681,V,0.0,0.000,B655_synon
1LZ1,V,110,0.554,V,0.0,0.000,B655_synon
1TPK,V,65,0.001,V,0.0,0.000,B655_synon
1VQB,V,35,0.057,V,0.0,0.000,B655_synon
3SSI,V,13,0.433,V,0.0,0.000,B655_synon
5CRO,Y,26,0.802,Y,0.0,0.000,B655_synon
2LZM,I,3,0.119,I,0.0,0.000,B655_synon
2ABD,Y,31,0.277,Y,0.0,0.000,B655_synon
1BNI,A,32,0.631,A,0.0,0.000,B655_synon
2RN2,A,52,0.008,A,0.0,0.000,B655_synon
1BNI,N,5,0.177,N,0.0,0.000,B655_synon
1BNI,N,77,0.483,N,0.0,0.000,B655_synon
1SAR,N,39,0.111,N,0.0,0.000,B655_synon
2CI2,N,75,0.311,N,0.0,0.000,B655_synon
2LZM,N,116,0.554,N,0.0,0.000,B655_synon
2LZM,E,108,0.281,E,0.0,0.000,B655_synon
2RN2,E,119,0.330,E,0.0,0.000,B655_synon
1PGA,T,53,0.284,T,0.0,0.000,B655_synon
2LZM,T,157,0.383,T,0.0,0.000,B655_synon
4LYZ,T,40,0.001,T,0.0,0.000,B655_synon
1LZ1,A,47,0.751,A,0.0,0.000,B655_synon
2LZM,A,74,0.077,A,0.0,0.000,B655_synon
2LZM,A,93,0.696,A,0.0,0.000,B655_synon
2LZM,S,38,0.422,S,0.0,0.000,B655_synon
1STN,L,89,0.147,L,0.0,0.000,B655_synon
2LZM,L,99,0.000,L,0.0,0.000,B655_synon
2LZM,L,133,0.011,L,0.0,0.000,B655_synon
1OTR,V,17,0.024,V,0.0,0.000,B655_synon
1OTR,Q,41,0.001,Q,0.0,0.000,B655_synon
2LZM,M,102,0.013,M,0.0,0.000,B655_synon
2LZM,M,106,0.293,M,0.0,0.000,B655_synon
2LZM,M,120,0.163,M,0.0,0.000,B655_synon
3SSI,M,73,0.996,M,0.0,0.000,B655_synon
1BNI,R,69,0.152,R,0.0,0.000,B655_synon
1BNI,R,83,0.294,R,0.0,0.000,B655_synon
4LYZ,R,68,0.487,R,0.0,0.000,B655_synon
4LYZ,R,73,0.646,R,0.0,0.000,B655_synon
1YCC,K,73,0.919,K,0.0,0.000,B655_synon
2HPR,G,49,0.225,G,0.0,0.000,B655_synon
1BNI,D,44,0.802,D,0.0,0.000,B655_synon
2RN2,D,10,0.151,D,0.0,0.000,B655_synon
2RN2,D,70,0.402,D,0.0,0.000,B655_synon
2RN2,D,134,0.355,D,0.0,0.000,B655_synon
1YCC,P,76,0.766,P,0.0,0.000,B655_synon
2ABD,K,32,0.251,K,0.0,0.000,B655_synon
2LZM,K,16,0.588,K,0.0,0.000,B655_synon
2LZM,K,135,0.718,K,0.0,0.000,B655_synon
2LZM,K,147,0.428,K,0.0,0.000,B655_synon
1VQB,S,67,0.000,S,0.0,0.000,B655_synon
2CI2,E,33,0.584,E,0.0,0.000,B655_synon
2CI2,E,34,0.528,E,0.0,0.000,B655_synon
2RN2,E,48,0.117,E,0.0,0.000,B655_synon
1BNI,Y,17,0.556,Y,0.0,0.000,B655_synon
1LZ1,Y,38,0.097,Y,0.0,0.000,B655_synon
1BNI,I,55,0.561,I,0.0,0.000,B655_synon
1LZ1,I,59,0.016,I,0.0,0.000,B655_synon
1N0J,I,58,0.587,I,0.0,0.000,B655_synon
4LYZ,I,55,0.017,I,0.0,0.000,B655_synon
1BNI,H,18,0.517,H,0.0,0.000,B655_synon
1BNI,Q,31,0.572,Q,0.0,0.000,B655_synon
1BVC,Q,8,0.475,Q,0.0,0.000,B655_synon
1SAR,Q,38,0.575,Q,0.0,0.000,B655_synon
2LZM,Q,105,0.334,Q,0.0,0.000,B655_synon
2LZM,Q,123,0.523,Q,0.0,0.000,B655_synon
1STN,G,88,0.002,G,0.0,0.000,B655_synon
4LYZ,G,102,0.776,G,0.0,0.000,B655_synon
1OTR,I,36,0.318,I,0.0,0.000,B655_synon
1VQB,I,47,0.014,I,0.0,0.000,B655_synon
1VQB,K,24,0.713,K,0.0,0.000,B655_synon
4LYZ,A,31,0.003,A,0.0,0.000,B655_synon
1BNI,G,34,0.303,G,0.0,0.000,B655_synon
2LZM,G,156,0.239,G,0.0,0.000,B655_synon
1BNI,T,6,0.519,T,0.0,0.000,B655_synon
1BNI,T,26,0.270,T,0.0,0.000,B655_synon
2LZM,T,109,0.812,T,0.0,0.000,B655_synon
1LZ1,Y,20,0.238,Y,0.0,0.000,B655_synon
1LZ1,Y,63,0.535,Y,0.0,0.000,B655_synon
1VQB,Y,41,0.823,Y,0.0,0.000,B655_synon
1VQB,L,65,0.815,L,0.0,0.000,B655_synon
2AFG,L,44,0.000,L,0.0,0.000,B655_synon
1RN1,A,21,0.551,A,0.0,0.000,B655_synon
1RX4,V,75,0.027,V,0.0,0.000,B655_synon
1SUP,Y,217,0.320,Y,0.0,0.000,B655_synon
2LZM,R,119,0.490,R,0.0,0.000,B655_synon
1VQB,F,13,0.308,F,0.0,0.000,B655_synon
1VQB,D,50,0.345,D,0.0,0.000,B655_synon
2ABD,D,21,0.216,D,0.0,0.000,B655_synon
1YCC,N,52,0.118,N,0.0,0.000,B655_synon
2LZM,N,132,0.304,N,0.0,0.000,B655_synon
2RN2,H,62,0.747,H,0.0,0.000,B655_synon
1VQB,D,36,0.413,D,0.0,0.000,B655_synon
2LZM,S,90,0.321,S,0.0,0.000,B655_synon
1BNI,S,91,0.020,S,0.0,0.000,B655_synon
2CI2,S,31,0.202,S,0.0,0.000,B655_synon
2LZM,S,117,0.012,S,0.0,0.000,B655_synon
4LYZ,S,91,0.008,S,0.0,0.000,B655_synon
1BNI,F,7,0.147,F,0.0,0.000,B655_synon
1VQB,F,68,0.360,F,0.0,0.000,B655_synon
2CI2,F,69,0.179,F,0.0,0.000,B655_synon
2LZM,F,153,0.005,F,0.0,0.000,B655_synon
1BVC,L,29,0.012,L,0.0,0.000,B655_synon
1BVC,L,49,0.203,L,0.0,0.000,B655_synon
1BVC,L,69,0.025,L,0.0,0.000,B655_synon
2CI2,L,51,0.212,L,0.0,0.000,B655_synon
1BNI,I,4,0.352,I,0.0,0.000,B655_synon
1BVC,I,28,0.017,I,0.0,0.000,B655_synon
1LZ1,I,106,0.028,I,0.0,0.000,B655_synon
1VQB,I,78,0.537,I,0.0,0.000,B655_synon
1BNI,I,76,0.000,I,0.0,0.000,B655_synon
1BVC,I,142,0.012,I,0.0,0.000,B655_synon
2CI2,I,48,0.220,I,0.0,0.000,B655_synon
1AG2,V,180,0.284,V,0.0,0.000,B655_synon
2LZM,V,111,0.001,V,0.0,0.000,B655_synon
451C,V,78,0.061,V,0.0,0.000,B655_synon
1SUP,Q,206,0.381,Q,0.0,0.000,B655_synon
1VQB,L,32,0.436,L,0.0,0.000,B655_synon
1OTR,L,67,0.004,L,0.0,0.000,B655_synon
1STN,T,62,0.001,T,0.0,0.000,B655_synon
1LZ1,L,8,0.001,L,0.0,0.000,B655_synon
1VQB,L,37,0.636,L,0.0,0.000,B655_synon
1VQB,L,49,0.041,L,0.0,0.000,B655_synon
1VQB,L,81,0.145,L,0.0,0.000,B655_synon
4LYZ,Q,121,0.630,Q,0.0,0.000,B655_synon
1VQB,A,86,0.899,A,0.0,0.000,B655_synon
2LZM,A,146,0.000,A,0.0,0.000,B655_synon
2RN2,A,125,0.612,A,0.0,0.000,B655_synon
1ONC,M,23,0.000,M,0.0,0.000,B655_synon
2LZM,M,6,0.000,M,0.0,0.000,B655_synon
3SSI,M,103,0.000,M,0.0,0.000,B655_synon
1STN,F,61,0.291,F,0.0,0.000,B655_synon
1STN,F,76,0.096,F,0.0,0.000,B655_synon
1RN1,D,76,0.022,D,0.0,0.000,B655_synon
2LZM,D,20,0.345,D,0.0,0.000,B655_synon
1LZ1,V,74,0.594,V,0.0,0.000,B655_synon
2LZM,C,54,0.033,C,0.0,0.000,B655_synon
1BNI,V,10,0.000,V,0.0,0.000,B655_synon
2CI2,V,53,0.510,V,0.0,0.000,B655_synon
2LZM,V,149,0.000,V,0.0,0.000,B655_synon
1AJ3,W,22,0.327,W,0.0,0.000,B655_synon
1BVC,D,60,0.347,D,0.0,0.000,B655_synon
2LZM,D,47,0.256,D,0.0,0.000,B655_synon
1B26,K,193,0.080,K,0.0,0.000,B655_synon
1LZ1,K,1,0.327,K,0.0,0.000,B655_synon
2CI2,K,21,0.415,K,0.0,0.000,B655_synon
1A23,H,32,0.337,H,0.0,0.000,B655_synon
1STN,H,46,0.234,H,0.0,0.000,B655_synon
1AG2,E,200,0.819,E,0.0,0.000,B655_synon
2LZM,E,128,0.503,E,0.0,0.000,B655_synon
2RN2,E,135,0.622,E,0.0,0.000,B655_synon
1EL1,V,109,0.701,V,0.0,0.000,B655_synon
1C9O,Q,53,0.540,Q,0.0,0.000,B655_synon
1BNI,K,19,0.450,K,0.0,0.000,B655_synon
1BNI,K,108,0.428,K,0.0,0.000,B655_synon
2RN2,K,91,0.398,K,0.0,0.000,B655_synon
2RN2,K,117,0.558,K,0.0,0.000,B655_synon
1LZ1,A,96,0.000,A,0.0,0.000,B655_synon
2LZM,A,129,0.002,A,0.0,0.000,B655_synon
1VQB,E,40,0.973,E,0.0,0.000,B655_synon
2LZM,T,115,0.612,T,0.0,0.000,B655_synon
2TRX,L,78,0.003,L,0.0,0.000,B655_synon
2LZM,G,30,0.221,G,0.0,0.000,B655_synon
1AAR,F,45,0.248,F,0.0,0.000,B655_synon
1VQB,F,73,0.907,F,0.0,0.000,B655_synon
1STN,T,33,0.263,T,0.0,0.000,B655_synon
2LZM,T,152,0.001,T,0.0,0.000,B655_synon
2RN2,A,24,0.000,A,0.0,0.000,B655_synon
1CSP,F,38,0.834,F,0.0,0.000,B655_synon
2ABD,F,5,0.000,F,0.0,0.000,B655_synon
1VQB,M,77,0.464,M,0.0,0.000,B655_synon
1TUP,R,248,0.499,R,0.0,0.000,B655_synon
4LYZ,R,21,0.629,R,0.0,0.000,B655_synon
1YCC,C,102,0.013,C,0.0,0.000,B655_synon
2RN2,S,68,0.018,S,0.0,0.000,B655_synon
2LZM,N,144,0.688,N,0.0,0.000,B655_synon
4LYZ,N,77,0.877,N,0.0,0.000,B655_synon
2LZM,V,131,0.632,V,0.0,0.000,B655_synon
1LZ1,Q,58,0.070,Q,0.0,0.000,B655_synon
1BNI,I,88,0.000,I,0.0,0.000,B655_synon
1BVC,I,111,0.028,I,0.0,0.000,B655_synon
2LZM,K,60,0.527,K,0.0,0.000,B655_synon
1TUP,C,242,0.124,C,0.0,0.000,B655_synon
1YCC,F,82,0.203,F,0.0,0.000,B655_synon
4LYZ,F,3,0.091,F,0.0,0.000,B655_synon
4LYZ,F,34,0.358,F,0.0,0.000,B655_synon
1VQB,T,48,0.246,T,0.0,0.000,B655_synon
1VQB,T,62,0.119,T,0.0,0.000,B655_synon
2CI2,K,72,1.009,K,0.0,0.000,B655_synon
2AKY,T,77,0.741,T,0.0,0.000,B655_synon
1B26,R,190,0.013,R,0.0,0.000,B655_synon
1LZ1,R,21,0.631,R,0.0,0.000,B655_synon
1LZ1,R,50,0.622,R,0.0,0.000,B655_synon
1SAR,R,65,0.187,R,0.0,0.000,B655_synon
1AG2,Q,217,0.243,Q,0.0,0.000,B655_synon
1TUP,R,249,0.125,R,0.0,0.000,B655_synon
1VQB,V,70,0.651,V,0.0,0.000,B655_synon
1RN1,H,40,0.278,H,0.0,0.000,B655_synon
1BNI,D,22,0.907,D,0.0,0.000,B655_synon
1VQB,K,69,0.498,K,0.0,0.000,B655_synon
2ABD,K,54,0.214,K,0.0,0.000,B655_synon
1CSP,E,3,0.453,E,0.0,0.000,B655_synon
1LZ1,E,35,0.223,E,0.0,0.000,B655_synon
1STN,I,18,0.289,I,0.0,0.000,B655_synon
1SUP,N,218,0.652,N,0.0,0.000,B655_synon
1AG2,T,183,0.030,T,0.0,0.000,B655_synon
2CI2,T,58,0.730,T,0.0,0.000,B655_synon
4LYZ,N,19,0.670,N,0.0,0.000,B655_synon
1AG2,T,190,0.512,T,0.0,0.000,B655_synon
1BNI,T,105,0.634,T,0.0,0.000,B655_synon
1SAR,T,56,0.033,T,0.0,0.000,B655_synon
1LZ1,A,32,0.000,A,0.0,0.000,B655_synon
2LZM,A,42,0.000,A,0.0,0.000,B655_synon
5CRO,A,36,0.610,A,0.0,0.000,B655_synon
1AG2,F,198,0.069,F,0.0,0.000,B655_synon
1STN,L,36,0.006,L,0.0,0.000,B655_synon
1STN,L,37,0.074,L,0.0,0.000,B655_synon
2CI2,L,40,0.450,L,0.0,0.000,B655_synon
1VQB,R,82,0.230,R,0.0,0.000,B655_synon
2RN2,R,41,0.510,R,0.0,0.000,B655_synon
1HUE,S,31,0.240,S,0.0,0.000,B655_synon
3MBP,P,48,0.284,P,0.0,0.000,B655_synon
3MBP,P,133,0.278,P,0.0,0.000,B655_synon
3MBP,P,159,0.021,P,0.0,0.000,B655_synon
1BVC,E,109,0.583,E,0.0,0.000,B655_synon
1VQB,H,64,0.458,H,0.0,0.000,B655_synon
1B5M,P,81,0.503,P,0.0,0.000,B655_synon
2ABD,P,19,0.058,P,0.0,0.000,B655_synon
2CI2,P,44,0.782,P,0.0,0.000,B655_synon
1BNI,Q,15,0.399,Q,0.0,0.000,B655_synon
1BTA,C,82,0.279,C,0.0,0.000,B655_synon
1LZ1,C,77,0.165,C,0.0,0.000,B655_synon
1BNI,V,36,0.444,V,0.0,0.000,B655_synon
1LZ1,V,93,0.026,V,0.0,0.000,B655_synon
1MBG,V,103,0.001,V,0.0,0.000,B655_synon
2CI2,V,38,0.347,V,0.0,0.000,B655_synon
2LZM,Q,69,0.514,Q,0.0,0.000,B655_synon
2RN2,Q,113,0.550,Q,0.0,0.000,B655_synon
2LZM,R,154,0.354,R,0.0,0.000,B655_synon
1B5M,D,60,0.905,D,0.0,0.000,B655_synon
1BNI,N,41,0.155,N,0.0,0.000,B655_synon
1SUP,N,76,0.660,N,0.0,0.000,B655_synon
1B26,E,231,0.475,E,0.0,0.000,B655_synon
1BVC,E,18,0.504,E,0.0,0.000,B655_synon
2ABD,E,67,0.576,E,0.0,0.000,B655_synon
1BVC,H,116,0.469,H,0.0,0.000,B655_synon
1LZ1,H,78,0.844,H,0.0,0.000,B655_synon
2ABD,Y,28,0.272,Y,0.0,0.000,B655_synon
2ABD,Y,73,0.020,Y,0.0,0.000,B655_synon
1LZ1,P,71,0.517,P,0.0,0.000,B655_synon
1STN,Y,91,0.000,Y,0.0,0.000,B655_synon
2LZM,H,31,0.192,H,0.0,0.000,B655_synon
1VQB,V,19,0.662,V,0.0,0.000,B655_synon
1VQB,V,43,0.358,V,0.0,0.000,B655_synon
1VQB,V,45,0.289,V,0.0,0.000,B655_synon
1VQB,V,63,0.159,V,0.0,0.000,B655_synon
2LZM,T,59,0.486,T,0.0,0.000,B655_synon
2LZM,K,83,0.654,K,0.0,0.000,B655_synon
1BNI,T,16,0.687,T,0.0,0.000,B655_synon
1VQB,Y,26,0.417,Y,0.0,0.000,B655_synon
1BPI,G,36,0.008,G,0.0,0.000,B655_synon
1STN,G,79,0.223,G,0.0,0.000,B655_synon
1LZ1,D,91,0.363,D,0.0,0.000,B655_synon
2LZM,D,72,0.499,D,0.0,0.000,B655_synon
1SUP,M,50,0.166,M,0.0,0.000,B655_synon
1SUP,G,169,0.008,G,0.0,0.000,B655_synon
2LZM,G,113,0.690,G,0.0,0.000,B655_synon
4LYZ,G,49,0.258,G,0.0,0.000,B655_synon
4LYZ,G,117,1.017,G,0.0,0.000,B655_synon
1G6N,S,128,0.125,S,0.0,0.000,B655_synon
1IGV,E,26,0.761,E,0.0,0.000,B655_synon
2CI2,E,26,0.504,E,0.0,0.000,B655_synon
1SAR,H,85,0.529,H,0.0,0.000,B655_synon
1BNI,D,54,0.235,D,0.0,0.000,B655_synon
1LZ1,D,18,0.499,D,0.0,0.000,B655_synon
1LZ1,D,120,0.661,D,0.0,0.000,B655_synon
2LZM,D,92,0.413,D,0.0,0.000,B655_synon
1ARR,P,8,0.233,P,0.0,0.000,B655_synon
1EL1,H,21,0.563,H,0.0,0.000,B655_synon
1CYO,F,35,0.115,F,0.0,0.000,B655_synon
1STN,H,124,0.514,H,0.0,0.000,B655_synon
4LYZ,H,15,0.249,H,0.0,0.000,B655_synon
1AG2,R,208,0.428,R,0.0,0.000,B655_synon
1TUP,R,175,0.023,R,0.0,0.000,B655_synon
1TUP,R,273,0.210,R,0.0,0.000,B655_synon
2LZM,R,96,0.311,R,0.0,0.000,B655_synon
4LYZ,R,114,0.561,R,0.0,0.000,B655_synon
1STN,A,60,0.549,A,0.0,0.000,B655_synon
2ABD,A,9,0.083,A,0.0,0.000,B655_synon
2ABD,A,34,0.081,A,0.0,0.000,B655_synon
2LZM,N,55,0.828,N,0.0,0.000,B655_synon
1VQB,L,28,0.324,L,0.0,0.000,B655_synon
2AFG,L,73,0.028,L,0.0,0.000,B655_synon
1AG2,M,129,0.439,M,0.0,0.000,B655_synon
2AFG,V,109,0.011,V,0.0,0.000,B655_synon
2RN2,Q,76,0.334,Q,0.0,0.000,B655_synon
2RN2,Q,80,0.598,Q,0.0,0.000,B655_synon
5CRO,Q,16,0.307,Q,0.0,0.000,B655_synon
1LZ1,G,37,0.481,G,0.0,0.000,B655_synon
1BVC,L,9,0.384,L,0.0,0.000,B655_synon
2ABD,L,15,0.006,L,0.0,0.000,B655_synon
1HUE,M,69,0.358,M,0.0,0.000,B655_synon
