Direction,PDB,Chain,Number,Wild,Mutated,exp_ddG,SimBa_IB_predict,SimBa_SYM_predict,DeepDDG_predict,Dynamut_predict
direct,1AMQ,A,191,C,Y,-2.3,0.27,1.04,-2.03,1.21
reverse,1QIR,A,191,Y,C,2.3,-1.49,-1,0.92,-0.92
direct,1AMQ,A,191,C,F,-1.6,0.55,1.36,-2.58,0.8
reverse,1QIS,A,191,F,C,1.6,-1.71,-1.27,1.7,-0.73
direct,1AMQ,A,191,C,W,-3.9,0.99,1.86,-1.36,1.22
reverse,1QIT,A,191,W,C,3.9,-2.18,-1.79,0.03,-0.56
direct,1AMQ,A,191,C,S,-1.9,-2.1,-1.69,-2.48,-0.15
reverse,5EAA,A,191,S,C,1.9,0.86,1.74,2.21,1.31
direct,1BNI,A,7,F,L,-4.1,-0.75,-0.22,-0.98,-0.11
reverse,1BRG,A,7,L,F,4.1,-0.29,0.2,-0.04,0.72
direct,1BNI,A,14,L,A,-4.5,-2.97,-2.63,-3.57,-1.84
reverse,1BRH,A,14,A,L,4.5,1.57,2.59,2.09,1.67
direct,1BNI,A,26,T,A,-1.7,-0.64,-0.2,-1.6,-0.1
reverse,1BNS,A,26,A,T,1.7,-0.31,0.21,0.65,0.73
direct,1BNI,A,51,I,V,-1.1,-1.32,-0.73,-1.58,-1.83
reverse,1BSA,A,51,V,I,1.1,-0.05,0.71,1.24,0.84
direct,1BNI,A,76,I,A,-1.7,-2.86,-2.5,-2.28,-3.33
reverse,1BRI,A,76,A,I,1.7,1.48,2.5,1.56,1.26
direct,1BNI,A,76,I,V,-1,-1.33,-0.73,-0.3,-1.76
reverse,1BSB,A,76,V,I,1,-0.06,0.73,-0.09,0.46
reverse,1BAO,A,78,F,Y,1.1,-0.93,-0.33,0.73,0.61
direct,1BNI,A,78,Y,F,-1.1,-0.36,0.33,-1.29,1.01
direct,1BNI,A,88,I,A,-4,-2.86,-2.5,-3.71,-2.03
reverse,1BRJ,A,88,A,I,4,1.47,2.49,2.67,1.56
direct,1BNI,A,88,I,V,-1.6,-1.33,-0.73,-1.25,-1.41
reverse,1BSC,A,88,V,I,1.6,-0.06,0.73,0.72,1.22
direct,1BNI,A,89,L,V,-0.5,-1.44,-0.86,0.64,-1.11
reverse,1BSE,A,89,V,L,0.5,0.05,0.86,-0.94,0.43
reverse,1BAN,A,91,A,S,2.4,-1.07,-0.45,0.61,1.01
direct,1BNI,A,91,S,A,-2.4,-0.29,0.44,-1.18,0.74
direct,1BNI,A,96,I,A,-3.2,-2.86,-2.5,-3.74,-3.08
reverse,1BRK,A,96,A,I,3.2,1.44,2.43,3.01,1.97
direct,1BNI,A,96,I,V,-3.1,-1.33,-0.73,-0.59,-2.04
reverse,1BSD,A,96,V,I,3.1,-0.06,0.73,0.69,0.03
direct,1CEY,A,12,D,A,2.5,0.61,1.41,-0.86,0.62
reverse,1E6K,A,12,A,D,-2.5,-2.12,-1.66,-0.71,-1.67
direct,1CEY,A,13,D,A,2.7,0.03,0.39,-0.22,0.06
reverse,1E6L,A,13,A,D,-2.7,-1.31,-0.95,0.34,0.12
direct,1CEY,A,57,D,A,3.3,0.61,1.4,-0.75,1.19
reverse,1E6M,A,57,A,D,-3.3,-1.78,-1.36,0.41,-0.59
direct,1EY0,A,22,T,C,-0.9,0.27,1.03,-1.07,0.38
reverse,2EXZ,A,22,C,T,0.9,-1.5,-1.01,0.44,-0.6
direct,1EY0,A,22,T,V,-0.9,0.55,1.36,-0.7,0.24
reverse,2EY1,A,22,V,T,0.9,-1.72,-1.29,0.4,-1.26
direct,1EY0,A,23,V,L,-0.1,0.05,0.85,-0.91,-0.08
reverse,2F0E,A,23,L,V,0.1,-1.43,-0.86,-0.2,-0.48
direct,1EY0,A,25,L,I,-1.7,-0.8,-0.13,-1.28,-0.36
reverse,2F0F,A,25,I,L,1.7,-0.58,0.13,-0.2,-0.56
direct,1EY0,A,33,T,V,0.4,0.35,0.92,0.06,0.62
reverse,1EY5,A,33,V,T,-0.4,-1.15,-0.82,-0.2,-0.23
direct,1EY0,A,41,T,C,0.6,0.26,1.02,0.23,0.42
reverse,2EY2,A,41,C,T,-0.6,-1.46,-0.98,0.12,0.45
direct,1EY0,A,41,T,I,0.7,1.12,2.01,-0.55,1.8
reverse,1EY6,A,41,I,T,-0.7,-2.44,-2.07,0.53,-1.79
direct,1EY0,A,41,T,S,-1.1,-1.17,-0.63,-1.24,-0.64
reverse,2EY5,A,41,S,T,1.1,-0.07,0.59,1.01,0.14
direct,1EY0,A,41,T,V,0.8,0.55,1.35,-0.8,0.04
reverse,2EY6,A,41,V,T,-0.8,-1.84,-1.38,0.23,-1.19
direct,1EY0,A,44,T,V,0.1,0.33,0.88,-0.13,-0.03
reverse,2EYF,A,44,V,T,-0.1,-1.12,-0.79,-0.03,-0.62
direct,1EY0,A,59,S,A,0.5,-0.25,0.3,-0.3,0.63
reverse,1EY4,A,59,A,S,-0.5,-0.78,-0.3,0.43,0.23
direct,1EY0,A,62,T,S,-2.1,-1.3,-0.7,-1.77,-1.4
reverse,2EYH,A,62,S,T,2.1,-0.09,0.7,1.43,-0.33
direct,1EY0,A,62,T,V,-0.2,0.63,1.53,-0.7,0.42
reverse,2EYJ,A,62,V,T,0.2,-2.02,-1.53,-0.1,-1.16
direct,1EY0,A,66,V,I,-1,-0.05,0.71,0.28,0.24
reverse,2F0G,A,66,I,V,1,-1.26,-0.69,-0.33,-1.05
direct,1EY0,A,66,V,L,-0.3,0.05,0.84,0.36,0.69
reverse,2F0H,A,66,L,V,0.3,-1.4,-0.83,-1.9,-1.68
direct,1EY0,A,66,V,K,-7.5,-2.18,-1.74,-4.89,-0.81
reverse,2SNM,A,66,K,V,7.5,0.84,1.76,3.09,0.32
direct,1EY0,A,72,I,L,-0.2,-0.52,0.11,-1.36,-0.7
reverse,2F0I,A,72,L,I,0.2,-0.71,-0.11,-0.42,0.12
direct,1EY0,A,72,I,V,-1.2,-1.18,-0.65,-0.34,-1.14
reverse,2F0J,A,72,V,I,1.2,-0.05,0.65,-0.22,0.75
direct,1EY0,A,82,T,S,-0.7,-0.41,-0.2,-0.57,-0.04
reverse,2EYL,A,82,S,T,0.7,-0.02,0.2,0.17,-0.01
direct,1EY0,A,92,I,V,-0.4,-1.32,-0.73,-0.24,-1.46
reverse,2F0D,A,92,V,I,0.4,-0.06,0.73,-0.02,0.56
direct,1EY0,A,116,K,G,1,-0.51,-0.53,-0.32,0.74
reverse,1KAB,A,116,G,K,-1,0.32,0.66,-0.37,-0.65
direct,1EY0,A,117,P,A,0.8,-0.52,-0.22,-1.42,-0.33
reverse,1SYG,A,117,A,P,-0.8,-0.05,0.15,0.86,-0.33
direct,1EY0,A,117,P,G,0.9,-0.84,-0.57,-1.36,0.07
reverse,1SYC,A,117,G,P,-0.9,0.22,0.57,-0.01,-1.8
direct,1EY0,A,117,P,T,1.1,-0.35,-0.04,-1.44,0.4
reverse,1SYE,A,117,T,P,-1.1,-0.24,0.02,0.65,-0.37
direct,1EY0,A,120,T,C,-1.7,-0.05,0.3,-0.66,-0.55
reverse,2EYM,A,120,C,T,1.7,-0.63,-0.33,-0.44,-0.84
direct,1EY0,A,120,T,S,-0.6,-0.6,-0.3,-0.41,-0.62
reverse,2EYO,A,120,S,T,0.6,-0.03,0.29,-0.04,0.21
direct,1EY0,A,120,T,V,-1.8,0.16,0.52,0.12,-0.3
reverse,2EYP,A,120,V,T,1.8,-0.85,-0.56,-0.19,-0.48
direct,1EY0,A,128,S,A,0.7,-0.28,0.4,1,-0
reverse,1EY7,A,128,A,S,-0.7,-0.97,-0.4,-1.41,-0.84
direct,1IHB,A,71,F,N,0.7,-2.77,-2.58,-1.06,-0.35
reverse,1MX2,A,71,N,F,-0.7,2.34,3.38,2.12,1.57
direct,1IHB,A,82,F,Q,-0.4,-1.41,-1.17,-0.44,-0.16
reverse,1MX4,A,82,Q,F,0.4,1.02,1.63,0.37,1.01
direct,1IHB,A,92,F,N,-1.1,-2.31,-2.11,-0.94,-0.8
reverse,1MX6,A,92,N,F,1.1,1.54,2.22,-0.51,1.41
reverse,1HIB,A,9,G,T,2.6,0.25,1.09,0.43,-1.01
direct,1IOB,A,9,T,G,-2.6,-1.56,-1.04,-4.9,-0.99
direct,1L63,A,6,M,A,-1.9,-2.63,-2.23,-2.04,-0.96
reverse,245L,A,6,A,M,1.9,1.23,2.21,1.68,0.66
direct,1L63,A,6,M,L,-2.8,-0.35,0.4,-0.68,0.28
reverse,230L,A,6,L,M,2.8,-1.02,-0.39,0.39,0.88
direct,1L63,A,11,E,H,0.1,0.09,0.64,-1.45,0.59
reverse,1QT6,A,11,H,E,-0.1,-1.01,-0.62,0.1,0.3
direct,1L63,A,11,E,N,-0.1,-0.58,-0.12,-1.25,-0.21
reverse,1QT7,A,11,N,E,0.1,-0.36,0.12,0.6,0.56
direct,1L63,A,17,I,A,-2.7,-2.45,-2.13,-1.83,-2.12
reverse,239L,A,17,A,I,2.7,1.21,2.03,1.46,1.53
direct,1L63,A,20,D,A,-0.3,0.18,0.65,-1.14,-0.71
reverse,253L,A,20,A,D,0.3,-1.11,-0.78,0.83,-0.05
direct,1L63,A,20,D,N,1.3,-0.14,0.28,-0.82,-0.39
reverse,255L,A,20,N,D,-1.3,-0.64,-0.28,0.56,-0.31
direct,1L63,A,20,D,S,0.7,0.01,0.46,-1.07,-0.24
reverse,254L,A,20,S,D,-0.7,-0.9,-0.54,0.08,0.18
direct,1L63,A,27,I,A,-3.1,-2.86,-2.5,-2.84,-1.73
reverse,240L,A,27,A,I,3.1,1.48,2.5,2.56,0.91
reverse,1D2W,A,27,M,I,3.1,-0.46,0.27,0.9,0.39
direct,1L63,A,27,I,M,-3.1,-0.93,-0.27,-1.67,0.1
direct,1L63,A,29,I,A,-2.6,-2.74,-2.39,-2.12,-2.26
reverse,241L,A,29,A,I,2.6,1.43,2.42,1.67,1.32
reverse,1L61,A,38,N,S,-0,-0.3,-0.12,-0.23,-0.04
direct,1L63,A,38,S,N,0,-0.36,-0.06,-0.69,0.05
reverse,120L,A,41,S,A,0.6,-0.21,0.16,-0.01,0.68
direct,1L63,A,41,A,S,-0.6,-0.51,-0.17,-0.42,0.37
direct,1L63,A,42,A,V,-2.7,0.84,1.77,-0.95,0.51
reverse,1QTB,A,42,V,A,2.7,-2.23,-1.77,-0.4,0.44
direct,1L63,A,42,A,S,-2.3,-1.09,-0.46,-1.3,-0.08
reverse,206L,A,42,S,A,2.3,-0.3,0.46,0.26,0.94
direct,1L63,A,43,K,A,-1,-0.64,-0.18,-0.91,-0.58
reverse,1L66,A,43,A,K,1,-0.25,0.2,0.44,0.79
direct,1L63,A,44,S,A,0.3,-0.16,-0.02,-0.07,-0.13
reverse,1L68,A,44,A,S,-0.3,-0.22,-0.02,-0.1,-0.77
reverse,108L,A,44,I,S,-0.3,-0.31,-0.11,-0.34,-0.47
direct,1L63,A,44,S,I,0.3,0.25,0.36,0.23,0.34
reverse,110L,A,44,L,S,-0.4,-0.29,-0.09,-0.32,-0.03
direct,1L63,A,44,S,L,0.4,0.25,0.36,0.15,0.31
reverse,109L,A,44,K,S,-0.2,-0.58,-0.45,-0.15,-0.46
direct,1L63,A,44,S,K,0.2,0.28,0.45,0.06,0.3
direct,1L63,A,44,S,E,0,0.12,0.3,0.07,0.36
reverse,217L,A,44,E,S,-0,-0.43,-0.27,-0.18,-0.29
reverse,107L,A,44,G,S,0.5,-0.07,0.2,0.22,0.01
direct,1L63,A,44,S,G,-0.5,-0.32,-0.16,-0.76,0.12
reverse,113L,A,44,R,S,-0.2,-0.55,-0.43,-0.17,-0.49
direct,1L63,A,44,S,R,0.2,0.31,0.46,0.04,0.1
reverse,111L,A,44,N,S,0.1,-0.32,-0.27,-0.12,0.16
direct,1L63,A,44,S,N,-0.1,-0.01,0.16,-0.05,0.05
reverse,137L,A,44,F,S,-0.1,-0.47,-0.26,-0.49,-0.05
direct,1L63,A,44,S,F,0.1,0.38,0.48,-0.01,0.45
reverse,112L,A,44,P,S,3,-0.41,-0.19,-0.14,0.18
direct,1L63,A,44,S,P,-3,-0.03,0.11,-0.51,0.16
reverse,114L,A,44,T,S,-0,-0.24,-0.1,-0.16,-0.14
direct,1L63,A,44,S,T,0,-0.01,0.14,-0.25,0.08
reverse,115L,A,44,V,S,-0.1,-0.2,-0.03,-0.06,0.16
direct,1L63,A,44,S,V,0.1,0.11,0.23,-0.18,0.28
direct,1L63,A,46,L,A,-1.9,-2.97,-2.63,-2.12,-3.03
reverse,1L67,A,46,A,L,1.9,1.57,2.6,1.92,0.99
direct,1L63,A,47,D,A,-1,0.34,0.93,-1.08,0.07
reverse,1L65,A,47,A,D,1,-1.3,-0.95,0.55,1.26
direct,1L63,A,49,A,S,-0.5,-0.41,-0.12,-0.08,-0.21
reverse,221L,A,49,S,A,0.5,-0.2,0.11,0,0.43
direct,1L63,A,50,I,A,-2,-2.03,-1.73,-1.35,-2.02
reverse,242L,A,50,A,I,2,0.92,1.53,0.65,0.43
reverse,1D2Y,A,50,M,I,0.4,-0.35,0.19,0.11,-0.43
direct,1L63,A,50,I,M,-0.4,-0.66,-0.18,-0.25,0.17
direct,1L63,A,58,I,A,-3.2,-2.78,-2.43,-3.06,-1.64
reverse,243L,A,58,A,I,3.2,1.43,2.41,2.64,1.91
reverse,1G1V,A,58,T,I,3.4,1.2,2.14,2.09,1.79
direct,1L63,A,58,I,T,-3.4,-2.57,-2.19,-2.94,-1.57
direct,1L63,A,59,T,A,-1.5,-0.39,-0.16,-1.27,-0.02
reverse,1LYJ,A,59,A,T,1.5,-0.15,0.18,0.65,0.69
direct,1L63,A,59,T,D,-1.2,-0.46,-0.23,-1.27,0.12
reverse,1LYI,A,59,D,T,1.2,-0,0.22,-0.08,0.15
direct,1L63,A,59,T,G,-1.6,-0.61,-0.4,-1.59,0.5
reverse,1LYH,A,59,G,T,1.6,0.19,0.63,0.65,-0.1
direct,1L63,A,59,T,N,-1.1,-0.37,-0.14,-1.38,-0.01
reverse,1LYG,A,59,N,T,1.1,-0.08,0.14,-0.05,0.09
direct,1L63,A,59,T,S,-0.2,-0.43,-0.21,-0.57,0.44
reverse,1LYF,A,59,S,T,0.2,-0.03,0.28,0.24,0.25
direct,1L63,A,59,T,V,-1.5,0.05,0.28,-1.34,-0.04
reverse,1LYE,A,59,V,T,1.5,-0.4,-0.19,0.13,0.47
reverse,1D3J,A,66,M,L,1,-0.33,0.37,0.66,-0.5
direct,1L63,A,66,L,M,-1,-1,-0.38,-0.82,0.57
direct,1L63,A,67,F,A,-1.9,-2.92,-2.62,-2.6,-2.4
reverse,246L,A,67,A,F,1.9,1.66,2.63,2.03,0.38
direct,1L63,A,72,D,P,-2.7,-0.05,0.14,-0.74,-0.43
reverse,1L76,A,72,P,D,2.7,-1.12,-0.83,-0.84,0.68
reverse,122L,A,73,S,A,0.4,-0.19,0.09,0.02,0.24
direct,1L63,A,73,A,S,-0.4,-0.38,-0.1,-0.12,-0.16
reverse,127L,A,75,T,V,1.3,0.36,0.94,0.5,0.27
direct,1L63,A,75,V,T,-1.3,-1.31,-0.94,-0.89,-0.28
reverse,1CTW,A,78,A,I,1.2,1.48,2.5,1.38,0.64
direct,1L63,A,78,I,A,-1.2,-2.86,-2.5,-2.04,-3.45
reverse,1CU0,A,78,M,I,1.5,-0.45,0.27,0.4,-0.34
direct,1L63,A,78,I,M,-1.5,-0.93,-0.27,-0.85,0.24
direct,1L63,A,78,I,V,-0.8,-1.33,-0.73,-0.42,-2.21
reverse,1P2R,A,78,V,I,0.8,-0.06,0.73,0.23,0.37
reverse,123L,A,82,S,A,0.3,-0.12,-0.18,-0,0.02
direct,1L63,A,82,A,S,-0.3,0.23,0.21,-0.09,-0.18
direct,1L63,A,84,L,A,-2.6,-2.97,-2.63,-2.8,-3.35
reverse,247L,A,84,A,L,2.6,1.46,2.41,1.97,1.84
reverse,1CU2,A,84,M,L,1.9,-0.35,0.4,0.28,-0.5
direct,1L63,A,84,L,M,-1.9,-1.04,-0.4,-1.26,-0.07
direct,1L63,A,87,V,A,-1.7,-2.15,-1.71,-1.49,-0.95
reverse,236L,A,87,A,V,1.7,0.84,1.77,0.92,0.39
reverse,1CU3,A,87,M,V,2.3,-1.09,-0.46,-0.37,-0.27
direct,1L63,A,87,V,M,-2.3,-0.28,0.45,-1.34,0.66
direct,1L63,A,87,V,I,-0.3,-0.05,0.71,-0.5,0.58
reverse,1P2L,A,87,I,V,0.3,-1.25,-0.69,0.27,-0.21
reverse,128L,A,87,T,V,1.6,0.63,1.53,0.76,0.35
direct,1L63,A,87,V,T,-1.6,-1.94,-1.47,-1.44,-1.45
reverse,1CU6,A,91,A,L,3.9,1.32,2.17,2.78,1.51
direct,1L63,A,91,L,A,-3.9,-2.83,-2.49,-3.28,-1.4
reverse,1CU5,A,91,M,L,0.8,-0.33,0.37,1.21,0.8
direct,1L63,A,91,L,M,-0.8,-0.99,-0.38,-1.57,0.18
reverse,1L55,A,92,N,D,1.4,-0.32,-0.09,-0.11,-0.31
direct,1L63,A,92,D,N,-1.4,-0.14,0.19,-0.12,-0.11
direct,1L63,A,93,A,S,-0.2,0.15,0.17,-0.01,-0.43
reverse,224L,A,93,S,A,0.2,-0.12,-0.16,-0.03,0.64
direct,1L63,A,98,A,C,-1,0.54,1.42,-1.63,0.35
reverse,1QSB,A,98,C,A,1,-1.92,-1.42,-0.68,-0.1
direct,1L63,A,98,A,L,-4.3,1.59,2.63,-1.87,0.48
reverse,1QS5,A,98,L,A,4.3,-2.97,-2.63,-0.88,-2
reverse,125L,A,98,S,A,2.5,-0.3,0.46,1.78,2.12
direct,1L63,A,98,A,S,-2.5,-1.09,-0.46,-2.56,-1.31
direct,1L63,A,98,A,V,-3.2,0.84,1.77,-1.35,0.34
reverse,1QS9,A,98,V,A,3.2,-2.23,-1.77,-0.3,-1.41
direct,1L63,A,99,L,A,-4.5,-2.97,-2.63,-3.61,-2.41
reverse,1L90,A,99,A,L,4.5,1.27,2.09,2.98,1.99
direct,1L63,A,99,L,F,-0.3,-0.47,0.25,-0.98,-0.62
reverse,1L91,A,99,F,L,0.3,-0.91,-0.25,0.99,-0.42
direct,1L63,A,99,L,I,-1.5,-0.8,-0.13,-0.8,-0.11
reverse,1L92,A,99,I,L,1.5,-0.58,0.13,0.62,0.12
direct,1L63,A,99,L,M,-0.6,-1.04,-0.4,-1.4,-0.54
reverse,1L93,A,99,M,L,0.6,-0.34,0.4,1.14,0.24
direct,1L63,A,99,L,V,-2,-1.44,-0.86,-2.15,-1.11
reverse,1L94,A,99,V,L,2,0.05,0.84,1.62,1
direct,1L63,A,100,I,A,-3.4,-2.65,-2.3,-2.22,-3.33
reverse,244L,A,100,A,I,3.4,1.42,2.4,2.1,1.17
reverse,1CUP,A,100,M,I,1.6,-0.41,0.24,0.32,-0.28
direct,1L63,A,100,I,M,-1.6,-0.86,-0.25,-1.06,-0.05
direct,1L63,A,100,I,V,-0.4,-1.23,-0.68,-0.52,-2.22
reverse,1P36,A,100,V,I,0.4,-0.05,0.7,0.22,-0.52
reverse,1I6S,A,101,A,N,1.5,-1.54,-1.01,0.68,-1.69
direct,1L63,A,101,N,A,-1.5,0.22,1.05,-0.81,1.02
direct,1L63,A,102,M,L,-1,-0.34,0.39,-0.72,0.89
reverse,1L77,A,102,L,M,1,-1.03,-0.39,0.44,0.67
direct,1L63,A,103,V,A,-2.2,-2.05,-1.62,-0.93,-2.04
reverse,238L,A,103,A,V,2.2,0.78,1.63,0.37,0.34
direct,1L63,A,103,V,I,-0.5,-0.05,0.67,0.5,0.84
reverse,1P7S,A,103,I,V,0.5,-1.17,-0.64,-0.48,-1.6
reverse,1CUQ,A,103,M,V,1.2,-1.02,-0.43,-0.49,-1.36
direct,1L63,A,103,V,M,-1.2,-0.27,0.43,-0.48,0.65
reverse,1CV0,A,104,M,F,0.4,-0.09,0.5,0.92,1.17
direct,1L63,A,104,F,M,-0.4,-0.99,-0.51,-1.16,-1.43
reverse,1G1W,A,105,M,Q,1.2,-1.28,-1,-0.17,-0.24
direct,1L63,A,105,Q,M,-1.2,0.53,1.02,-0.03,0.62
direct,1L63,A,106,M,I,0.2,-0.31,0.15,-0.35,-0.07
reverse,1P46,A,106,I,M,-0.2,-0.55,-0.14,0.43,0.35
direct,1L63,A,106,M,L,0.5,-0.25,0.22,-0.01,-0.52
reverse,234L,A,106,L,M,-0.5,-0.56,-0.18,-0.04,0.18
direct,1L63,A,106,M,K,-3.4,-1.47,-1.17,-1.25,0.03
reverse,231L,A,106,K,M,3.4,0.5,1.03,0.9,-0.49
reverse,1L62,A,109,D,T,-0.6,-0.73,-1.05,-0.08,0.65
direct,1L63,A,109,T,D,0.6,0.8,0.9,-0.02,0.17
reverse,1L59,A,109,N,T,-0.1,-0.44,-0.67,-0.07,-0.33
direct,1L63,A,109,T,N,0.1,0.58,0.62,-0.03,-0.05
direct,1L63,A,111,V,A,-1.3,-2.22,-1.77,-1.69,-1.07
reverse,235L,A,111,A,V,1.3,0.84,1.76,1.01,0.5
direct,1L63,A,111,V,I,-0.9,-0.06,0.73,-0.48,0.33
reverse,2L78,A,111,I,V,0.9,-1.31,-0.72,-0.12,-0.3
reverse,1CV1,A,111,M,V,0.7,-1.07,-0.45,-0.33,-1.19
direct,1L63,A,111,V,M,-0.7,-0.29,0.46,-0.89,0.05
direct,1L63,A,117,S,F,1.1,2.17,3.29,1.45,-0.47
reverse,1TLA,A,117,F,S,-1.1,-3.58,-3.34,-1.5,-3.02
reverse,1CVK,A,118,A,L,3.2,1.12,1.84,1.74,1.8
direct,1L63,A,118,L,A,-3.2,-2.69,-2.36,-2.44,-2.24
reverse,1CV4,A,118,M,L,0.7,-0.33,0.36,0.62,0.9
direct,1L63,A,118,L,M,-0.7,-0.94,-0.35,-0.7,-0.58
direct,1L63,A,120,M,L,0.5,-0.29,0.3,0.66,0.1
reverse,233L,A,120,L,M,-0.5,-0.88,-0.33,-0.62,-0.76
direct,1L63,A,120,M,K,-1.6,-2,-1.66,-1.11,0.76
reverse,232L,A,120,K,M,1.6,0.6,1.19,0.5,-0.05
direct,1L63,A,120,M,Y,-0.1,-0.32,0.26,-0.94,1.05
reverse,1P6Y,A,120,Y,M,0.1,-0.74,-0.25,-0.43,-0.52
reverse,1CV3,A,121,M,L,0.8,-0.34,0.39,0.57,0.7
direct,1L63,A,121,L,M,-0.8,-1.03,-0.4,-0.8,-0.54
direct,1L63,A,129,A,F,-1.2,1.8,2.88,-1.7,-0.92
reverse,1QTC,A,129,F,A,1.2,-3.13,-2.82,0.48,-3.06
direct,1L63,A,129,A,W,-2.2,2.27,3.41,-2.27,-0.86
reverse,1QTD,A,129,W,A,2.2,-3.64,-3.41,0.28,-2.93
reverse,118L,A,130,S,A,-1,-0.28,0.39,1.17,1.03
direct,1L63,A,130,A,S,1,-0.94,-0.38,-1.47,-0.49
direct,1L63,A,133,L,F,-0.3,-0.46,0.25,-0.14,0.44
reverse,1P64,A,133,F,L,0.3,-0.91,-0.25,0.07,0.34
reverse,1CV5,A,133,M,L,0.4,-0.34,0.39,-0.94,1.06
direct,1L63,A,133,L,M,-0.4,-1.02,-0.39,0.35,-0.23
reverse,119L,A,134,S,A,0.1,-0.24,0.24,-0.14,0.26
direct,1L63,A,134,A,S,-0.1,-0.65,-0.24,-0.2,-0.89
reverse,1L39,A,144,E,N,-0.5,-0.24,-0.14,-0.1,-0.04
direct,1L63,A,144,N,E,0.5,0.1,0.15,-0.02,0.4
direct,1L63,A,149,V,A,-3.2,-2.22,-1.77,-2.4,-1.52
reverse,237L,A,149,A,V,3.2,0.83,1.74,1.24,0.55
reverse,1G07,A,149,C,V,2,-0.39,0.35,0.07,-0.42
direct,1L63,A,149,V,C,-2,-0.99,-0.35,-2.87,-0.65
reverse,1G0P,A,149,G,V,4.9,1.38,2.28,1.39,2.48
direct,1L63,A,149,V,G,-4.9,-2.96,-2.62,-4.24,-2.21
reverse,1G0Q,A,149,I,V,0.1,-1.32,-0.73,-0.75,-1.49
direct,1L63,A,149,V,I,-0.1,-0.06,0.73,0.63,0.62
reverse,1CV6,A,149,M,V,2.8,-1.09,-0.46,-0.08,-1
direct,1L63,A,149,V,M,-2.8,-0.29,0.46,-0.74,-0.69
reverse,126L,A,149,T,V,2.8,0.63,1.52,1.33,1.51
direct,1L63,A,149,V,T,-2.8,-2.01,-1.53,-2.55,-0
reverse,1G06,A,149,S,V,4.4,1.22,2.2,1.15,0.72
direct,1L63,A,149,V,S,-4.4,-2.62,-2.23,-3.15,-1.9
reverse,1G0G,A,152,A,T,1.5,-0.48,0.24,0.2,-0.58
direct,1L63,A,152,T,A,-1.5,-0.9,-0.24,-1.12,1.08
reverse,1G0K,A,152,C,T,0.5,-1.71,-1.18,-1.38,-0.12
direct,1L63,A,152,T,C,-0.5,0.33,1.18,-0.92,-0.19
reverse,1G0M,A,152,I,T,0.4,-2.65,-2.26,-1.79,-2.11
direct,1L63,A,152,T,I,-0.4,1.27,2.26,0.55,1.27
reverse,1G0J,A,152,S,T,2,-0.09,0.7,0.69,0.42
direct,1L63,A,152,T,S,-2,-1.29,-0.7,-2.09,-0.46
reverse,1G0L,A,152,V,T,-0.2,-2.01,-1.53,-1.12,-1.47
direct,1L63,A,152,T,V,0.2,0.63,1.53,0.12,0.78
direct,1L63,A,153,F,A,-3.8,-3.18,-2.88,-2.67,-0.6
reverse,1L85,A,153,A,F,3.8,1.7,2.7,1.07,0.78
direct,1L63,A,153,F,I,-0.2,-1.02,-0.38,0.15,0.33
reverse,1L86,A,153,I,F,0.2,-0.36,0.38,0.41,-0.32
direct,1L63,A,153,F,L,0.3,-0.91,-0.25,0.3,-0.05
reverse,1L87,A,153,L,F,-0.3,-0.46,0.25,-0.44,-0.42
direct,1L63,A,153,F,M,-0.6,-1.26,-0.65,0.38,0.39
reverse,1L88,A,153,M,F,0.6,-0.12,0.64,-0.33,0.8
direct,1L63,A,153,F,V,-1.8,-1.65,-1.11,-0.91,-0.59
reverse,1L95,A,153,V,F,1.8,0.27,1.11,1.22,-0.79
direct,1LZ1,A,2,V,A,-1.5,-0.15,-0.01,-0.76,-0.26
reverse,1OUG,A,2,A,V,1.5,-0.08,-0.17,0.15,0.7
reverse,1GAY,A,2,G,V,1.3,-0.04,-0.14,0.23,0.31
direct,1LZ1,A,2,V,G,-1.3,-0.22,-0.04,-0.9,-0.29
reverse,1GF8,A,2,S,V,1.4,-0.01,0.02,0.23,0.22
direct,1LZ1,A,2,V,S,-1.4,-0.09,0.08,-1.14,-0.21
reverse,1GF9,A,2,Y,V,0.4,-0.27,-0.19,-0.05,-0.48
direct,1LZ1,A,2,V,Y,-0.4,0.16,0.22,-0.41,0.5
reverse,1GFA,A,2,D,V,1.4,-0.57,-0.74,0.03,0.57
direct,1LZ1,A,2,V,D,-1.4,0.23,0.46,-1.61,-0.21
reverse,1GFE,A,2,N,V,1.3,-0.26,-0.28,-0.03,-0.22
direct,1LZ1,A,2,V,N,-1.3,0.16,0.36,-1.48,-0.24
reverse,1GFG,A,2,R,V,0.4,-0.65,-0.79,-0.02,0.2
direct,1LZ1,A,2,V,R,-0.4,0.34,0.49,-0.06,-0.19
reverse,1GB0,A,2,L,V,-0.3,-0.24,-0.09,-0.04,0.01
direct,1LZ1,A,2,V,L,0.3,-0.03,0.02,-0.18,-0.21
reverse,1GB2,A,2,M,V,0.2,-0.02,-0.01,0.01,0.41
direct,1LZ1,A,2,V,M,-0.2,0.01,0.07,-0.71,-0.1
reverse,1GB3,A,2,F,V,0.8,-0.2,-0.09,-0.05,-0.46
direct,1LZ1,A,2,V,F,-0.8,0.09,0.12,-0.72,0.39
direct,1LZ1,A,20,Y,F,-0.5,-0.3,0.2,-0.39,-0.18
reverse,1WQN,A,20,F,Y,0.5,-0.67,-0.21,0.53,0.12
direct,1LZ1,A,23,I,A,-2.5,-2.53,-2.19,-2.03,-2.31
reverse,2HEB,A,23,A,I,2.5,1.28,2.16,1.6,1.15
direct,1LZ1,A,23,I,V,-0.4,-1.18,-0.65,-0.39,-0.64
reverse,1YAN,A,23,V,I,0.4,-0.05,0.66,-0.02,1.11
direct,1LZ1,A,38,Y,F,-0.2,-0.35,0.3,0.06,-0.08
reverse,1WQO,A,38,F,Y,0.2,-0.84,-0.29,-0.27,-0.34
direct,1LZ1,A,45,Y,F,0.1,-0.18,-0.04,-0.36,0.11
reverse,1WQP,A,45,F,Y,-0.1,-0.15,0.03,0.16,-0.03
reverse,1LHL,A,47,P,A,-0.1,-0.05,-0.03,-0.24,0.05
direct,1LZ1,A,47,A,P,0.1,0.05,0.04,-0.08,0.4
direct,1LZ1,A,54,Y,F,-1,-0.35,0.3,-1.21,0.25
reverse,1WQQ,A,54,F,Y,1,-0.85,-0.29,1.1,0.7
direct,1LZ1,A,56,I,A,-3.7,-2.84,-2.48,-2.6,-3.59
reverse,2HEC,A,56,A,I,3.7,1.4,2.37,1.93,0.45
direct,1LZ1,A,56,I,T,-4.3,-2.63,-2.24,-2.99,-3.16
reverse,1OUA,A,56,T,I,4.3,1.25,2.23,1.9,0.36
direct,1LZ1,A,56,I,V,-1.2,-1.32,-0.73,-1.77,-1.27
reverse,1YAO,A,56,V,I,1.2,-0.06,0.72,1.6,0.81
direct,1LZ1,A,59,I,A,-1.7,-2.8,-2.45,-3.66,-1.98
reverse,2HED,A,59,A,I,1.7,1.31,2.22,1.58,1.69
direct,1LZ1,A,59,I,G,-3.8,-3.52,-3.27,-5.23,-3.35
reverse,2HEE,A,59,G,I,3.8,1.83,2.75,2.14,2.66
direct,1LZ1,A,59,I,V,-1.1,-1.3,-0.72,-1.25,-0.82
reverse,1YAP,A,59,V,I,1.1,-0.05,0.69,1.05,0.46
direct,1LZ1,A,63,Y,F,-0.2,-0.2,0,-0.28,0.57
reverse,1WQR,A,63,F,Y,0.2,-0.24,-0.02,0.15,0.18
reverse,1LHI,A,71,G,P,1.6,0.1,0.18,-0.17,-1.59
direct,1LZ1,A,71,P,G,-1.6,-0.61,-0.39,-1.21,-0.53
direct,1LZ1,A,74,V,A,-0.4,-0.42,-0.23,-0.21,-0.13
reverse,1OUH,A,74,A,V,0.4,0.18,0.38,0.14,0.02
reverse,1GB5,A,74,G,V,0.1,0.64,1.03,-0.03,0.5
direct,1LZ1,A,74,V,G,-0.1,-0.56,-0.37,-0.55,-0.5
reverse,1GB6,A,74,I,V,1.9,-0.23,-0.09,-0.1,-0.58
direct,1LZ1,A,74,V,I,-1.9,-0.01,0.13,0.02,0.12
reverse,1GB7,A,74,L,V,0.4,-0.2,-0.06,-0.11,-0.45
direct,1LZ1,A,74,V,L,-0.4,-0.02,0.12,-0.12,0.15
reverse,1GB8,A,74,M,V,0.4,-0.15,-0.06,-0.12,-0.25
direct,1LZ1,A,74,V,M,-0.4,-0.03,0.12,-0.57,-0.27
reverse,1GB9,A,74,F,V,-0,-0.23,-0.12,-0.17,-0.34
direct,1LZ1,A,74,V,F,0,0.11,0.25,-0.06,0.32
reverse,1GFH,A,74,Y,V,0.3,-0.27,-0.19,-0.11,-0.14
direct,1LZ1,A,74,V,Y,-0.3,0.14,0.28,-0.34,-0.32
reverse,1GFJ,A,74,D,V,0.4,-0.32,-0.38,-0.02,0.56
direct,1LZ1,A,74,V,D,-0.4,-0.27,-0.04,-0.8,0.29
reverse,1GFK,A,74,N,V,0.3,-0.33,-0.39,-0.15,-0.11
direct,1LZ1,A,74,V,N,-0.3,-0.26,-0.04,-0.68,0.21
reverse,1GFR,A,74,R,V,0.1,-0.7,-0.88,-0.21,-0.3
direct,1LZ1,A,74,V,R,-0.1,0.05,0.25,-0,0.05
reverse,1B7S,A,74,S,V,0.4,0.11,0.23,0.06,0.12
direct,1LZ1,A,74,V,S,-0.4,-0.41,-0.21,-0.2,-0.17
reverse,1HNL,A,77,A,C,4.6,0.24,0.74,1.06,-0.28
direct,1LZ1,A,77,C,A,-4.6,-1.46,-1.05,-2.03,-1.99
direct,1LZ1,A,89,I,A,-2.7,-2.72,-2.37,-2.04,-2.04
reverse,2HEF,A,89,A,I,2.7,1.35,2.27,1.56,0.74
direct,1LZ1,A,89,I,V,-0.5,-1.26,-0.69,-1.03,-1.55
reverse,1YAQ,A,89,V,I,0.5,-0.05,0.69,0.74,1.19
reverse,1LHK,A,91,P,D,0.4,-1.5,-1.18,0.3,0.87
direct,1LZ1,A,91,D,P,-0.4,0.34,0.78,-0.33,0.31
direct,1LZ1,A,93,V,A,-0.7,-2.15,-1.7,-1,-0.88
reverse,1OUI,A,93,A,V,0.7,0.83,1.73,1,0.01
direct,1LZ1,A,99,V,A,-1,-2.17,-1.72,-1.81,-1
reverse,1OUJ,A,99,A,V,1,0.81,1.7,0.67,0.57
direct,1LZ1,A,100,V,A,-0.3,-2.2,-1.75,-1.26,-0.78
reverse,1OUB,A,100,A,V,0.3,0.81,1.7,1.13,1.09
reverse,1LHJ,A,103,G,P,0.1,-0.18,-0.79,0.08,-1.28
direct,1LZ1,A,103,P,G,-0.1,0.62,0.52,-0.41,0.47
direct,1LZ1,A,106,I,A,-0.9,-2.75,-2.4,-1.63,-2.28
reverse,2HEA,A,106,A,I,0.9,1.32,2.22,0.99,1.73
direct,1LZ1,A,106,I,V,-0.7,-1.28,-0.71,-0.53,-0.38
reverse,1YAM,A,106,V,I,0.7,-0.05,0.65,0.41,0.7
direct,1LZ1,A,110,V,A,0.5,-0.54,-0.34,-0.34,0.34
reverse,1OUC,A,110,A,V,-0.5,0.19,0.41,0.13,-0.29
reverse,1GFU,A,110,D,V,-0.2,0.04,0.16,0.12,0.59
direct,1LZ1,A,110,V,D,0.2,-0.5,-0.27,-0.47,0.12
reverse,1GBO,A,110,G,V,2.2,0.46,0.71,0.52,0.26
direct,1LZ1,A,110,V,G,-2.2,-0.73,-0.52,-0.96,0.34
reverse,1GBW,A,110,I,V,0.8,-0.32,-0.14,-0.12,0.01
direct,1LZ1,A,110,V,I,-0.8,-0.02,0.17,-0.06,-0.02
reverse,1GBX,A,110,L,V,-0.1,-0.16,-0.04,-0.07,-0.01
direct,1LZ1,A,110,V,L,0.1,-0.01,0.17,-0.06,0.03
reverse,1GBY,A,110,M,V,-0.4,-0.17,-0.07,-0.12,0.06
direct,1LZ1,A,110,V,M,0.4,-0.05,0.14,-0.04,0.27
reverse,1GFV,A,110,N,V,-0.1,-0.27,-0.3,0.06,0.13
direct,1LZ1,A,110,V,N,0.1,-0.45,-0.23,-0.49,0
reverse,1INU,A,110,R,V,-0.9,-0.68,-0.85,-0.08,0.38
direct,1LZ1,A,110,V,R,0.9,-0.08,0.14,-0.17,0.88
reverse,1GBZ,A,110,F,V,1.9,-0.11,-0.03,-0.1,-0.37
direct,1LZ1,A,110,V,F,-1.9,0.12,0.31,-0.24,0.17
reverse,1LHH,A,110,P,V,-0.5,-0.01,0.13,-0.11,0.81
direct,1LZ1,A,110,V,P,0.5,-0.39,-0.19,0.14,-0.07
reverse,1GFT,A,110,Y,V,0.1,-0.18,-0.15,-0.13,-0.48
direct,1LZ1,A,110,V,Y,-0.1,0.12,0.32,-0.03,0.14
direct,1LZ1,A,121,V,A,-1.4,-1.91,-1.5,-1.06,-1.09
reverse,1OUD,A,121,A,V,1.4,0.7,1.47,0.68,0.66
direct,1LZ1,A,124,Y,F,-0.4,-0.35,0.3,-0.25,-0.22
reverse,1WQM,A,124,F,Y,0.4,-0.87,-0.3,-0.07,0.46
direct,1LZ1,A,125,V,A,-1.3,-1.66,-1.29,-1.9,-1.07
reverse,1OUE,A,125,A,V,1.3,0.72,1.51,0.83,0.77
direct,1LZ1,A,130,V,A,-0.8,-0.74,-0.51,-2.05,-0.2
reverse,1OUF,A,130,A,V,0.8,0.19,0.41,0.12,0.41
reverse,1DMQ,A,32,F,Y,-0.2,-1,-0.36,-1.4,-0.58
direct,1OH0,A,32,Y,F,0.2,-0.38,0.36,0.53,-0.65
reverse,1DMM,A,57,F,Y,1.2,-0.92,-0.32,0.56,0.56
direct,1OH0,A,57,Y,F,-1.2,-0.36,0.32,-0.81,0.3
reverse,1RGC,A,25,K,Q,-1.4,-0.33,-0.14,0.02,-0.46
direct,1RN1,C,25,Q,K,1.4,-0.12,0.13,-0.05,0.07
direct,1VQB,A,47,I,L,-0.4,-0.57,0.12,-1.46,0.83
reverse,1VQG,A,47,L,I,0.4,-0.79,-0.12,-0.59,0.44
direct,1VQB,A,47,I,M,-1.7,-0.91,-0.27,-3.33,0.56
reverse,1VQH,A,47,M,I,1.7,-0.44,0.26,0.34,0.09
direct,1VQB,A,47,I,V,-2,-1.3,-0.72,-1.27,-0.87
reverse,1VQI,A,47,V,I,2,-0.05,0.71,0.76,1
direct,1VQB,A,35,V,I,-0.6,-0.05,0.68,0.12,0.3
reverse,1VQJ,A,35,I,V,0.6,-1.22,-0.67,-0.31,-0.77
direct,1VQB,A,41,Y,F,-3.2,-0.1,-0.19,-0.16,0.25
reverse,1YHB,A,41,F,Y,3.2,0.23,0.2,0.03,-0.66
reverse,149L,A,3,L,I,-0.7,-0.65,-0.1,-0.1,-0.49
direct,2LZM,A,3,I,L,0.7,-0.5,0.1,-0.22,0.89
reverse,172L,A,3,C,I,-0,0.23,0.9,0.37,1.12
direct,2LZM,A,3,I,C,0,-1.4,-0.92,-1.26,-0.68
reverse,1L96,A,3,P,I,3,0.73,1.37,1.12,1.62
direct,2LZM,A,3,I,P,-3,-2.07,-1.7,-4.13,-0.6
reverse,1L18,A,3,Y,I,2.3,-0.5,-0.09,0.84,0.75
direct,2LZM,A,3,I,Y,-2.3,-0.54,0.05,-2.28,-0.67
reverse,1L17,A,3,V,I,0.4,-0.05,0.61,0.55,1.26
direct,2LZM,A,3,I,V,-0.4,-1.12,-0.61,-1.03,0.13
reverse,150L,A,6,I,M,1.4,-0.9,-0.26,0.09,1.16
direct,2LZM,A,6,M,I,-1.4,-0.46,0.27,-0.86,-0.46
reverse,1L42,A,16,E,K,-0.5,-0,0.09,0.15,-0.2
direct,2LZM,A,16,K,E,0.5,-0.32,-0.15,-0.27,0.05
reverse,1L19,A,38,D,S,-0.6,-0.18,0.07,0.14,0.28
direct,2LZM,A,38,S,D,0.6,-0.52,-0.23,-0.64,0.04
reverse,1L21,A,55,G,N,0.6,0.18,0.34,-1.17,-0.54
direct,2LZM,A,55,N,G,-0.6,-0.44,-0.53,0.09,-0.01
reverse,1L56,A,60,P,K,-0,-0,0.23,0.29,0.05
direct,2LZM,A,60,K,P,0,-0.45,-0.25,-0.44,-0.85
reverse,1L23,A,77,A,G,-0.4,-1.22,-0.72,-1.12,-1.03
direct,2LZM,A,77,G,A,0.4,0.04,0.79,0.83,0.2
reverse,1L24,A,82,P,A,-0.8,0.01,-0.01,-0.24,-0.15
direct,2LZM,A,82,A,P,0.8,0.08,0,0.14,0
direct,2LZM,A,85,K,A,-0.6,-0.62,-0.31,-0.46,-0.69
reverse,3C81,A,85,A,K,0.6,-0.43,0.11,0.36,1.5
direct,2LZM,A,89,D,A,-0.5,-0.16,0.06,-0.2,-0.37
reverse,3C83,A,89,A,D,0.5,-0.35,-0.11,0.1,0.76
direct,2LZM,A,96,R,A,-2,-0.82,-0.43,-0.53,-1.12
reverse,3C7Y,A,96,A,R,2,-0.26,0.4,0.33,0.55
direct,2LZM,A,96,R,D,-3.5,-1.44,-1.14,-1.3,-0.21
reverse,3C8Q,A,96,D,R,3.5,0.91,1.7,0.71,0.53
direct,2LZM,A,96,R,M,-2.7,0.31,0.81,-0.23,-0.17
reverse,3CDV,A,96,M,R,2.7,-1.36,-1.02,-0.01,1.05
direct,2LZM,A,96,R,E,-2.5,-1.05,-0.72,-1.01,-0.21
reverse,3C8S,A,96,E,R,2.5,0.31,0.91,0.75,1.51
direct,2LZM,A,96,R,G,-2.6,-1.24,-0.91,-1.89,-1.72
reverse,3C8R,A,96,G,R,2.6,0.38,1.19,0.97,0.48
direct,2LZM,A,96,R,Q,-0.3,-0.69,-0.31,0.25,-1.11
reverse,3CDR,A,96,Q,R,0.3,-0.18,0.37,-0.41,1.09
direct,2LZM,A,96,R,H,-3.1,-0.59,-0.19,-0.86,-0.68
reverse,3F8V,A,96,H,R,3.1,-0.29,0.22,0.07,-0.82
direct,2LZM,A,96,R,N,-3,-1.17,-0.84,-1.15,-1.33
reverse,3CDT,A,96,N,R,3,0.49,1.26,0.48,0.93
direct,2LZM,A,96,R,K,0,-0.59,-0.2,-0.28,-0.65
reverse,3C7W,A,96,K,R,-0,-0.25,0.25,-0.04,-0.37
direct,2LZM,A,96,R,S,-2.6,-1,-0.64,-0.85,-1.85
reverse,3CDQ,A,96,S,R,2.6,0.08,0.78,0.27,2.1
direct,2LZM,A,96,R,Y,-4.7,0.52,1.04,-0.76,-0.25
reverse,3C80,A,96,Y,R,4.7,-1.53,-1.21,0.27,-0.58
direct,2LZM,A,96,R,V,-2.4,0.05,0.53,-0.45,-0.25
reverse,3CDO,A,96,V,R,2.4,-1.43,-1,-0.24,0.59
direct,2LZM,A,96,R,W,-4.5,0.98,1.56,-0.45,-0.12
reverse,3FI5,A,96,W,R,4.5,-2.1,-1.84,-0.18,-1.89
reverse,1L48,A,98,V,A,4.9,-2.23,-1.77,0.38,-0.29
direct,2LZM,A,98,A,V,-4.9,0.84,1.77,-1.34,0.68
reverse,1L00,A,105,A,Q,0.6,-0.15,0.19,0.3,0.08
direct,2LZM,A,105,Q,A,-0.6,-0.53,-0.14,-0.62,-0.53
reverse,1L98,A,105,E,Q,1.1,-0.07,0.33,-0.02,-0.07
direct,2LZM,A,105,Q,E,-1.1,-0.72,-0.37,-0.74,0.47
reverse,1L99,A,105,G,Q,1.5,0.3,0.46,0.87,0.61
direct,2LZM,A,105,Q,G,-1.5,-0.93,-0.58,-2.24,-0.96
reverse,1L60,A,113,A,G,-0.3,0.09,0.11,-0.05,-0.06
direct,2LZM,A,113,G,A,0.3,-0.01,0.02,-0.06,-0.08
reverse,1L37,A,115,E,T,-0.3,-0.33,-0.25,-0.12,-0.53
direct,2LZM,A,115,T,E,0.3,0.04,0.22,-0.15,0.25
reverse,1L57,A,116,D,N,-0.6,-0.15,0.1,0.03,0.19
direct,2LZM,A,116,N,D,0.6,-0.23,-0.04,-0.14,0.22
reverse,1L44,A,119,E,R,-0,0.06,0.26,0.07,0.02
direct,2LZM,A,119,R,E,0,-0.6,-0.36,-0.2,-0.11
reverse,1L38,A,123,E,Q,-0.4,-0.1,0.15,0,-0.86
direct,2LZM,A,123,Q,E,0.4,-0.32,-0.1,-0.09,0.09
reverse,1L22,A,124,G,K,0.1,0.3,0.67,-0.86,-0.22
direct,2LZM,A,124,K,G,-0.1,-0.86,-0.64,0.2,-0.3
reverse,1L33,A,131,A,V,-0.3,0.19,0.4,-0.01,0.01
direct,2LZM,A,131,V,A,0.3,-0.3,-0.13,-0.16,0.37
reverse,1DYA,A,131,D,V,-0.1,0.03,0.14,-0.02,-0.51
direct,2LZM,A,131,V,D,0.1,-0.04,0.19,-0.19,0.12
reverse,1DYB,A,131,G,V,0.7,0.51,0.8,0.47,0.36
direct,2LZM,A,131,V,G,-0.7,-0.41,-0.22,-0.8,0.07
reverse,1DYC,A,131,I,V,-0.2,-0.21,-0.08,-0.19,-0.11
direct,2LZM,A,131,V,I,0.2,-0.01,0.09,0.09,0.04
reverse,1DYD,A,131,L,V,-0.1,-0.08,0.01,-0.17,-0.25
direct,2LZM,A,131,V,L,0.1,-0.02,0.08,0.06,-0.04
reverse,1DYE,A,131,S,V,0.1,0.11,0.23,0.21,-0.25
direct,2LZM,A,131,V,S,-0.1,-0.27,-0.08,-0.35,-0.19
reverse,1DYF,A,131,M,V,-0.1,-0.17,-0.07,-0.14,-0.28
direct,2LZM,A,131,V,M,0.1,-0.02,0.09,-0.08,-0.01
reverse,1DYG,A,131,E,V,-0.2,-0.21,-0.14,-0.18,-0.39
direct,2LZM,A,131,V,E,0.2,0.07,0.28,-0.01,0.1
reverse,1L69,A,133,A,L,4.2,1.46,2.41,1.71,2.3
direct,2LZM,A,133,L,A,-4.2,-2.93,-2.59,-2.05,-2.87
reverse,1L45,A,135,E,K,1,-0.04,-0.15,0.1,0.5
direct,2LZM,A,135,K,E,-1,-0.07,0.02,-0.2,-0.27
reverse,1L20,A,144,D,N,-0.4,-0.15,-0.16,0.03,-0.24
direct,2LZM,A,144,N,D,0.4,0.01,0.11,-0.12,0.38
reverse,1L46,A,147,E,K,0.7,0.03,0.36,-0.13,-0.84
direct,2LZM,A,147,K,E,-0.7,-0.64,-0.36,-0.04,-0.1
reverse,1L53,A,149,C,V,2.2,-0.39,0.35,-0.48,-0.79
direct,2LZM,A,149,V,C,-2.2,-0.99,-0.35,-3.21,-0.58
reverse,1L52,A,152,S,T,2.6,-0.09,0.7,0.55,0.46
direct,2LZM,A,152,T,S,-2.6,-1.29,-0.7,-2.1,-0.29
reverse,1L47,A,154,E,R,1.1,0.14,0.47,0.21,-0.15
direct,2LZM,A,154,R,E,-1.1,-0.94,-0.63,-0.47,-0.47
reverse,1L16,A,156,D,G,2.3,-0.28,0.08,1.05,-0.68
direct,2LZM,A,156,G,D,-2.3,-0.79,-0.38,-1.85,-0.12
reverse,1L02,A,157,A,T,0.5,-0.22,0.19,0.43,-0.02
direct,2LZM,A,157,T,A,-0.5,-0.52,-0.18,-1.36,-0.47
reverse,1L03,A,157,C,T,1.3,-0.37,-0.13,-0.29,0.23
direct,2LZM,A,157,T,C,-1.3,-0.02,0.36,-1.26,-0.75
reverse,1L04,A,157,D,T,1.1,0.04,0.29,-0.23,-0.81
direct,2LZM,A,157,T,D,-1.1,-0.94,-0.66,-1.59,-0.71
reverse,1L06,A,157,E,T,0.8,-0.25,-0.07,-0.36,0.08
direct,2LZM,A,157,T,E,-0.8,-0.62,-0.31,-0.91,-0.6
reverse,1L07,A,157,F,T,2.4,-0.23,-0.04,-0.32,-0.56
direct,2LZM,A,157,T,F,-2.4,0.71,1.15,-1.25,-1.01
reverse,1L08,A,157,G,T,1.1,0.19,0.65,0.04,-0.18
direct,2LZM,A,157,T,G,-1.1,-0.87,-0.57,-2.31,-0.58
reverse,1L09,A,157,H,T,2.1,-0.36,-0.24,-0.19,0.73
direct,2LZM,A,157,T,H,-2.1,-0.25,0.09,-1.32,-1.49
reverse,1L10,A,157,I,T,1.5,-0.77,-0.54,-0.14,-0.18
direct,2LZM,A,157,T,I,-1.5,0.51,0.94,-1.17,-0.28
reverse,1L11,A,157,L,T,1.7,-0.56,-0.35,0.15,0.23
direct,2LZM,A,157,T,L,-1.7,0.55,0.98,-1.18,-0.58
reverse,1L12,A,157,N,T,1.2,0.01,0.35,-0.63,-0.13
direct,2LZM,A,157,T,N,-1.2,-0.74,-0.44,-1.3,-0.76
reverse,1L13,A,157,R,T,-0.3,-0.51,-0.31,-0.2,0.19
direct,2LZM,A,157,T,R,0.3,-0.09,0.26,-0.93,-0.37
reverse,1L14,A,157,S,T,0.7,-0.05,0.42,0.46,0.27
direct,2LZM,A,157,T,S,-0.7,-0.65,-0.33,-1.29,0.03
reverse,1L15,A,157,V,T,1.2,-0.7,-0.44,0.02,-0.08
direct,2LZM,A,157,T,V,-1.2,0.2,0.6,-1.19,-0.91
reverse,1RDA,A,10,N,D,-0.9,-1.04,-0.52,0.09,-0.89
direct,2RN2,A,10,D,N,0.9,-0.14,0.47,-0.38,1.22
reverse,1RDB,A,48,Q,E,-0.2,-1.19,-0.69,0.34,-0.35
direct,2RN2,A,48,E,Q,0.2,0.01,0.68,-0.95,0.34
direct,2RN2,A,52,A,F,-0.5,1.79,2.85,0.2,0.05
reverse,3AA5,X,52,F,A,0.5,-3.16,-2.85,-0.62,-1.63
direct,2RN2,A,52,A,I,1.9,1.46,2.48,0.58,1.13
reverse,3AA2,A,52,I,A,-1.9,-2.86,-2.5,-0.76,-2.39
direct,2RN2,A,52,A,L,1.3,1.57,2.6,0.65,1.2
reverse,3AA3,A,52,L,A,-1.3,-2.97,-2.63,-0.59,-2.2
direct,2RN2,A,52,A,V,1.7,0.83,1.75,-0.31,0.77
reverse,3AA4,A,52,V,A,-1.7,-2.23,-1.77,-0.33,1.67
reverse,1RBS,A,62,A,H,-0.4,0.22,0.38,0.1,1.02
direct,2RN2,A,62,H,A,0.4,-0.45,-0.45,-0.13,0.57
reverse,1RBR,A,62,P,H,-1.1,0.18,0.3,-0.11,1.26
direct,2RN2,A,62,H,P,1.1,-0.38,-0.4,0.14,0.46
reverse,1RDC,A,70,N,D,-0.9,-0.67,-0.3,0.13,-0.38
direct,2RN2,A,70,D,N,0.9,-0.14,0.2,-0.24,0.41
reverse,1LAV,A,74,L,V,-1,-1.44,-0.86,0.17,-0.24
direct,2RN2,A,74,V,L,1,0.05,0.84,-0.17,1.59
reverse,1LAW,A,74,I,V,-0.6,-1.32,-0.73,0.06,-0.57
direct,2RN2,A,74,V,I,0.6,-0.05,0.72,-0.36,1.55
reverse,1GOB,A,77,A,G,0.9,-1.43,-0.85,1.29,-0.54
direct,2RN2,A,77,G,A,-0.9,0.04,0.85,-1.28,0.25
reverse,1RBV,A,95,A,K,-0.1,0.4,0.52,0.65,0.11
direct,2RN2,A,95,K,A,0.1,-0.6,-0.54,-0.95,-0.13
reverse,1RBT,A,95,G,K,-1.9,0.41,0.62,-0.14,-1.36
direct,2RN2,A,95,K,G,1.9,-0.67,-0.57,-0.48,0.85
reverse,1RBU,A,95,N,K,-0.9,0.13,0.12,0.22,-0.33
direct,2RN2,A,95,K,N,0.9,-0.29,-0.18,-0.28,0.4
reverse,1KVA,A,134,A,D,-2.1,-1.08,-0.75,-0.07,0.26
direct,2RN2,A,134,D,A,2.1,0.13,0.56,-0.18,0.38
reverse,1KVB,A,134,H,D,-2.3,-1.41,-1.08,0.11,-0.52
direct,2RN2,A,134,D,H,2.3,0.38,0.82,-0.19,0.62
reverse,1KVC,A,134,N,D,-1,-0.93,-0.45,0.28,-0.57
direct,2RN2,A,134,D,N,1,-0.14,0.25,-0.35,0.58
reverse,1IOS,A,12,F,M,-0.5,-1.26,-0.65,-0.03,-0.68
direct,4LYZ,A,12,M,F,0.5,-0.12,0.64,-0.6,0.83
reverse,1IOT,A,12,L,M,0.4,-1,-0.38,-0.72,0.21
direct,4LYZ,A,12,M,L,-0.4,-0.34,0.39,0.36,0.48
reverse,1HER,A,40,S,T,0.3,-0.09,0.69,1.32,0.5
direct,4LYZ,A,40,T,S,-0.3,-1.3,-0.7,-1.65,0.05
reverse,1FN5,A,49,A,G,0.7,-0.81,-0.45,1.05,1.69
direct,4LYZ,A,49,G,A,-0.7,0.02,0.54,-1.35,-0.19
reverse,1HEO,A,55,V,I,0.9,-0.05,0.72,1.84,0.47
direct,4LYZ,A,55,I,V,-0.9,-1.3,-0.72,-1.72,-1.23
reverse,1IR8,A,58,M,I,1.2,-0.45,0.27,-0.25,0.02
direct,4LYZ,A,58,I,M,-1.2,-0.9,-0.26,-0.91,0.54
reverse,1FLU,A,67,A,G,0.5,0.2,0.19,0.5,0.53
direct,4LYZ,A,67,G,A,-0.5,-0.03,-0.24,-0.76,-1.17
reverse,1FLW,A,71,A,G,2.1,0.13,0.14,0.37,0.62
direct,4LYZ,A,71,G,A,-2.1,0.01,0.34,-0.25,0.27
reverse,1IR7,A,78,M,I,0.9,-0.36,0.19,-0.32,0.2
direct,4LYZ,A,78,I,M,-0.9,-0.54,-0.14,-0.56,-0.69
reverse,1LSN,A,91,A,S,0.2,-0.99,-0.41,-0.17,-1.9
direct,4LYZ,A,91,S,A,-0.2,-0.29,0.45,0.1,1.4
reverse,1HEM,A,91,T,S,-1,-1.24,-0.66,-0.09,-0.33
direct,4LYZ,A,91,S,T,1,-0.09,0.69,-0.03,0.43
reverse,1IR9,A,98,M,I,0.9,-0.42,0.25,1.22,0.06
direct,4LYZ,A,98,I,M,-0.9,-0.85,-0.25,-1.32,0.81
reverse,1FLY,A,102,A,G,1.2,0.4,0.31,-0.11,0.09
direct,4LYZ,A,102,G,A,-1.2,-0.02,-0.08,-0.67,-1
reverse,1FLQ,A,117,A,G,0.8,0.5,0.38,0.17,1.42
direct,4LYZ,A,117,G,A,-0.8,-0.04,-0.37,-0.93,-1.47
reverse,1BTI,A,22,A,F,1.2,1.74,2.76,1.32,1
direct,5PTI,A,22,F,A,-1.2,-2.72,-2.44,-1.72,0.86
reverse,1BPT,A,23,A,Y,5.9,1.41,2.37,3.14,1.03
direct,5PTI,A,23,Y,A,-5.9,-2.68,-2.34,-3.72,0.82
direct,5PTI,A,35,Y,G,-5,-3.32,-3.08,-4.16,0.61
reverse,8PTI,A,35,G,Y,5,1.7,2.51,0.16,1.08
reverse,1NAG,A,43,G,N,5.7,-0.58,-0.06,1.58,1.23
direct,5PTI,A,43,N,G,-5.7,-0.51,0.19,-2.96,-0.25
reverse,1FAN,A,45,A,F,6.9,1.37,2.14,1.92,1.24
direct,5PTI,A,45,F,A,-6.9,-2.81,-2.52,-3.45,1.52
