PDB,Wild,No,Mutated,exp_ddG
1A2J,C,33,S,-1.1
1A2P,D,8,G,-1.3
1A2P,E,29,S,-1.2
1A2P,S,28,E,0.61
1A2P,A,32,N,-0.33
1A2P,A,32,Y,-0.7
1A2P,N,58,A,-2.09
1A2P,N,84,A,-1.97
1A2P,L,33,Q,-1.36
1A2P,A,32,P,-4.12
1A2P,D,44,E,-0.32
1A2P,Y,17,G,-4
1A2P,I,76,T,-2.69
1A2P,I,55,T,-1.12
1A2P,H,18,K,-0.91
1A2P,Q,31,A,-0.19
1A2P,A,32,I,-0.68
1A2P,G,34,D,-3.2
1A2P,L,89,V,-0.32
1A2P,Y,13,F,-0.63
1A2P,A,32,R,-0.2
1A2P,H,18,R,-1
1A2P,S,28,A,0.6
1A2P,E,73,F,-2.1
1A2P,F,7,L,-4.1
1A2P,I,88,V,-1.52
1A2P,I,25,A,-3.68
1A2P,G,34,T,-3.2
1A2P,A,32,K,-0.1
1A2P,T,16,G,-1.3
1A2P,L,89,T,-2.73
1A2P,A,32,T,-0.49
1A2P,G,34,K,-2.7
1A2P,D,8,S,-0.7
1A2P,V,10,T,-2.41
1A2P,D,12,A,-0.23
1A2P,K,66,A,0.98
1A2P,Q,31,S,0.29
1A2P,K,19,R,0.88
1A2P,K,62,R,-0.32
1A2P,A,32,M,-0.08
1A2P,A,32,D,-0.41
1A2P,A,32,V,-0.34
1A2P,D,54,N,-2.36
1A2P,H,18,D,-2.2
1A2P,Q,31,G,-1.1
1A2P,G,34,H,-2.3
1A2P,I,88,L,-0.02
1A2P,A,32,F,-0.43
1A2P,A,32,Q,-0.35
1A2P,R,59,A,0.64
1A2P,T,16,S,-1.61
1A2P,G,34,N,-2.7
1A2P,T,16,A,-0.5
1A2P,T,79,V,0.18
1A2P,A,32,S,-0.16
1A2P,E,29,G,-2.13
1A2P,Q,15,I,1.38
1A2P,V,10,A,-3.53
1A2P,A,32,H,-0.7
1A2P,A,32,C,-1.85
1A2P,E,73,W,-2.2
1A2P,H,18,S,-2.1
1A2P,Y,13,A,-3.53
1A2P,E,73,A,-2.3
1A2P,H,102,A,-0.24
1A2P,N,58,D,0.36
1A2P,Y,17,S,-2
1A2P,H,18,N,-1.8
1A2P,T,26,D,-0.08
1A2P,A,32,E,0.13
1A2P,T,16,R,0.42
1A2P,A,32,W,-1.14
1A2P,G,34,S,-2.9
1A2P,G,34,A,-2.7
1A2P,E,73,Q,-2.7
1A2P,H,18,Q,-1.44
1A2P,S,28,G,-0.5
1A2P,H,18,G,-0.8
1A2P,G,34,R,-2.8
1A2P,A,32,L,0.08
1A2P,A,32,G,-0.78
1A2P,T,6,P,-3.3
1A2P,L,14,A,-4.51
1A6M,H,64,W,0.47
1A6M,L,32,F,-0.07
1A6M,V,68,N,-3.81
1A6M,I,107,F,0.58
1A6M,I,28,F,-0.28
1A6M,I,107,F,0.12
1A6M,V,68,Y,-0.17
1A6M,F,123,T,-3.5
1A6M,H,64,R,-0.08
1A6M,H,64,I,0.38
1A6M,A,130,K,-3.7
1A6M,L,29,M,0.12
1A6M,L,69,M,0
1A6M,L,135,M,-0.79
1A6M,H,64,Y,0.52
1A6M,H,119,F,-0.68
1A6M,H,64,F,1.51
1A6M,H,64,F,0.81
1A6M,F,123,K,-2.1
1A6M,H,64,T,0.23
1A6M,H,64,V,0.36
1A6M,V,68,W,-0.07
1A6M,V,68,F,0.82
1A6M,F,43,V,-2.66
1A6M,V,68,Q,-2.42
1A6M,L,32,W,-0.53
1A6M,H,64,N,-0.33
1A6M,H,64,L,1.05
1A6M,H,64,L,0.61
1A6M,L,29,N,-5.59
1A6M,T,67,P,-0.85
1AAR,H,68,E,0.72
1AAR,K,6,E,0.48
1AAR,F,45,W,0.6
1AAR,R,72,Q,-0.24
1AAR,K,29,Q,-1.67
1AAR,K,29,N,-1.43
1AAR,R,42,E,1.43
1AAR,H,68,Q,0.48
1AEP,L,14,K,-1.36
1APS,E,83,D,-1.51
1APS,W,64,A,-1.51
1APS,L,65,V,-5.35
1APS,F,94,L,-4.33
1APS,I,75,V,-1.41
1APS,M,61,A,-3.97
1APS,T,42,A,-1.84
1APS,Y,25,A,-0.24
1APS,G,45,A,-1.72
1APS,Y,11,I,-2.22
1ARR,N,11,A,0.5
1ARR,L,19,Q,-1.8
1ARR,Q,9,A,-0.1
1ARR,K,24,T,-1.2
1ARR,R,50,A,-1.9
1ARR,E,17,G,-1.19
1ARR,R,13,G,0.36
1ARR,G,49,A,-2
1AY7,R,75,L,0.7
1AY7,R,75,Q,-0.35
1AY7,K,78,Q,0.35
1AY7,C,40,A,0.1
1BNI,W,94,L,-1.59
1BNI,W,94,L,-0.66
1BNI,W,94,L,-0.64
1BNI,T,6,H,-1.56
1BNI,W,94,Y,-1.27
1BNI,W,94,Y,-0.99
1BPI,Y,35,N,-3.7
1BPI,G,12,V,-4.1
1BPI,G,12,D,-4.3
1BPI,G,37,D,-1.7
1BPI,A,16,T,-1.7
1BPI,A,16,V,-1.3
1BPI,Y,35,D,-3.8
1BPI,Y,35,L,-3.7
1BPI,P,13,S,-1.4
1BPI,F,33,I,-2.4
1BVC,A,144,L,0.4
1BVC,A,144,L,0.4
1C2R,K,14,E,-0.9
1C2R,K,12,D,-1.1
1C2R,Y,75,C,-3.05
1C9O,R,3,L,0.33
1C9O,Q,53,E,0.02
1C9O,S,24,D,0.1
1C9O,L,66,E,-0.84
1C9O,R,3,E,-0.84
1C9O,E,50,W,0.3
1C9O,Q,2,L,0.41
1CYC,K,73,F,-1.15
1CYC,K,73,W,-1.43
1CYC,K,73,M,-1
1CYC,K,73,Y,-1.05
1CYO,S,71,L,0.8
1DIV,I,4,A,-2.22
1DIV,M,1,G,-2.36
1DIV,D,23,N,-0.02
1DIV,D,23,N,-0.58
1DIV,L,6,I,-0.13
1DIV,K,10,M,0.05
1DIV,K,12,M,1.73
1DIV,F,5,V,-3.99
1DIV,E,54,Q,0.33
1DIV,H,144,Q,-0.97
1DIV,H,106,Q,-0.76
1DPM,H,257,L,-2.5
1DPM,H,257,L,-2.5
1DPM,H,257,L,-5
1E65,I,20,T,-2.03
1E65,W,48,A,-3.35
1E65,I,20,A,-1.76
1E65,L,50,T,-2.2
1E65,V,22,T,-0.96
1E65,I,7,S,-3.3
1E65,C,112,S,1.83
1E65,V,60,G,-3.11
1E65,F,110,S,-4.15
1E65,H,46,G,-10.9
1EY0,D,83,G,-2.7
1EY0,D,77,G,-2.2
1EY0,K,9,G,-1.9
1EY0,K,78,G,-1.1
1EY0,K,16,G,-0.7
1EY0,Y,27,E,-5
1EY0,H,124,E,0.2
1EY0,V,66,M,-0.2
1EY0,Y,27,W,-0.6
1EY0,Y,27,N,-4
1EY0,K,28,F,-0.9
1EY0,K,70,F,-0.2
1EY0,K,133,F,-1.4
1EY0,N,118,A,-2.05
1EY0,Y,27,V,-3
1EY0,G,88,W,-0.96
1EY0,K,70,W,-0.5
1EY0,G,20,E,-3.9
1EY0,K,28,E,-0.8
1EY0,K,70,E,-0.4
1EY0,E,43,D,0.2
1EY0,Y,93,G,-7.5
1EY0,Y,113,G,-0.25
1EY0,Q,106,A,0.1
1EY0,G,20,V,-2.3
1EY0,G,50,V,-1.1
1EY0,G,86,V,-3.7
1EY0,L,25,V,-1.8
1EY0,L,103,V,-2
1EY0,Y,27,F,-0.6
1EY0,Y,27,K,-3.9
1EY0,K,70,C,-0.5
1EY0,K,78,C,-0.4
1EY0,K,134,C,-0.7
1EY0,S,141,A,-0.4
1EY0,E,67,F,-1.4
1EY0,E,122,F,-0.8
1EY0,E,57,F,-0.8
1EY0,I,72,V,-1.8
1EY0,P,11,F,-0.6
1EY0,P,47,F,-0.3
1EY0,P,117,F,0.3
1EY0,V,23,I,-0.2
1EY0,V,104,I,0.2
1EY0,T,13,G,-1.1
1EY0,T,41,G,-2
1EY0,T,82,G,-2
1EY0,Y,27,H,-1.6
1EY0,M,26,L,-0.5
1EY0,M,65,L,-0.8
1EY0,M,32,L,-0.8
1EY0,F,34,G,-6.2
1EY0,F,61,G,-4.8
1EY0,F,76,G,-4.7
1EY0,M,26,G,-2.2
1EY0,M,32,G,-2.4
1EY0,M,65,G,-4.6
1EY0,E,75,V,-2.31
1EY0,V,51,T,0.2
1EY0,V,111,T,-2.3
1EY0,K,71,A,-0.4
1EY0,K,136,A,-0.8
1EY0,H,124,F,0.3
1EY0,E,10,K,-2.2
1EY0,E,122,K,-2.7
1EY0,G,86,F,-2
1EY0,G,29,F,-1.25
1EY0,A,90,V,-0.2
1EY0,A,132,V,-4.8
1EY0,M,65,A,-2
1EY0,K,63,Q,-1
1EY0,K,84,Q,-0.1
1EY0,K,133,Q,-0.5
1EY0,D,19,F,-1.5
1EY0,D,95,F,-5.3
1EY0,S,128,F,-1
1EY0,D,77,N,-2.9
1EY0,Y,27,M,-2
1EY0,Q,123,G,-0.6
1EY0,I,18,L,-0.2
1EY0,I,92,L,-0.6
1EY0,Y,27,D,-5.4
1EY0,V,66,W,-3.19
1EY0,T,13,C,-1.4
1EY0,T,33,C,-1.2
1EY0,T,44,C,-0.2
1EY0,T,62,C,-1.1
1EY0,T,120,C,-1.7
1EY0,A,60,F,-0.8
1EY0,A,102,F,-1.9
1EY0,Y,27,L,-1.5
1EY0,Y,85,L,-0.1
1EY0,Y,93,L,-4.5
1EY0,T,13,I,-0.1
1EY0,T,33,I,0.6
1EY0,T,62,I,-1.7
1EY0,L,36,I,-3.1
1EY0,L,89,I,-1.1
1EY0,L,125,I,-1
1EY0,E,57,C,-0.7
1EY0,R,87,A,-0.9
1EY0,V,23,F,-2.3
1EY0,Q,80,F,-0.7
1EY0,Q,123,F,-0.7
1EY0,Q,131,F,-0.7
1EY0,T,22,S,-0.6
1EY0,T,120,S,-0.6
1EY0,I,18,G,-2.5
1EY0,I,72,G,-6.5
1EY0,I,92,G,-6.6
1EY0,I,15,G,-3.3
1EY0,V,66,G,-4.4
1EY0,V,104,G,-6.5
1EY0,T,44,A,-0.4
1EY0,T,22,V,-0.9
1EY0,T,62,V,-0.2
1EY0,L,7,G,-1.5
1EY0,L,36,G,-5.3
1EY0,L,103,G,-6.6
1EY0,L,38,G,-0.55
1EY0,R,105,C,-2.7
1EY0,D,19,K,-0.3
1EY0,D,77,K,-3.5
1EY0,E,75,G,-3.5
1EY0,P,11,A,-0.4
1EY0,V,111,A,-4.45
1EY0,A,60,C,-1.2
1EY0,A,112,C,-0.8
1EY0,V,23,S,-4.7
1EY0,V,51,S,-0.1
1EY0,V,99,S,-5.1
1EY0,Y,27,P,-6.1
1EY0,G,29,C,-1.1
1EY0,G,50,C,-0.8
1EY0,Y,93,A,-6.5
1EY0,E,67,A,-1
1EY0,N,118,D,-2.4
1EY0,P,11,G,-1
1EY0,P,56,G,-1
1EY0,R,105,F,-3.1
1EY0,A,90,E,-8.6
1EY0,Y,27,R,-2.9
1EY0,G,79,S,-2.77
1EY0,R,35,G,-2.2
1EY0,R,87,G,-2.6
1EY0,M,65,F,-1.6
1EY0,G,79,A,-2.35
1EY0,E,73,Q,-0.7
1EY0,S,141,G,-0.9
1EY0,Y,27,C,-2.9
1EY0,P,117,L,0.2
1EY0,Y,27,Q,-3.2
1EY0,H,46,G,-0.4
1EY0,H,124,G,-0.5
1EY0,I,15,M,-0.3
1EY0,I,72,M,-1.8
1EY0,I,92,M,-1.6
1EY0,I,18,M,-0.65
1EY0,Y,27,T,-3.3
1EY0,Y,27,I,-2.5
1EY0,A,130,G,-1.1
1EY0,N,68,G,-0.5
1EY0,N,118,G,-1.85
1EY0,N,138,G,0.15
1EY0,V,23,L,-0.1
1EY0,V,104,L,-0.8
1EY0,L,38,A,-1.65
1EY0,M,65,I,-1.5
1EY0,M,32,I,-0.6
1FEP,S,254,C,5.94
1FEP,S,246,C,7.77
1FEP,Q,256,C,2.28
1FEP,E,250,C,9.79
1FEP,E,248,C,6.83
1FEP,G,252,C,7.93
1FEP,L,244,C,6.88
1FNF,L,1408,P,-0.02
1FTG,D,43,A,0.09
1FTG,E,40,K,2.21
1FTG,D,65,K,-0.26
1FTG,D,75,K,1
1FTG,D,150,K,-0.28
1FXA,F,65,Y,-0.5
1FXA,E,95,K,1
1FXA,F,65,W,-0.6
1FXA,R,42,H,-1.4
1FXA,F,65,I,-0.9
1H3T,F,405,A,-3.3
1H7M,R,76,A,0.19
1H7M,E,62,A,-1.29
1HL4,L,144,F,-0.23
1HL4,N,86,S,0.07
1HL4,H,43,R,-2.68
1HL4,H,46,R,0.81
1HL4,D,76,Y,-0.21
1HL4,D,76,V,-0.2
1HL4,N,86,K,-0.66
1HL4,N,139,K,-0.06
1HL4,S,105,L,-1.81
1HL4,G,41,S,-2.93
1HL4,G,93,R,-4.4
1HL4,L,144,S,-0.2
1HUW,E,74,D,-1.98
1HUW,E,74,T,-1.72
1HUW,S,71,Q,-1.46
1HUW,S,71,V,-1.32
1HUW,E,74,L,-1.24
1HUW,S,71,T,-0.72
1HUW,E,74,Q,-1.24
1IG5,F,66,W,-2.34
1IG5,V,61,G,-4.35
1IG5,V,70,L,-1.2
1IHB,F,82,Q,-0.46
1IHB,F,37,H,-1.24
1IHB,R,55,V,-0.32
1IHB,F,71,N,0.71
1IHB,F,92,N,-1.08
1IRK,W,1175,F,0.6
1ISP,M,137,P,0.98
1ISP,M,134,E,0.66
1ISP,S,163,P,-0.25
1JBE,D,13,A,2.7
1JBE,F,14,N,2.9
1LNI,R,40,E,-0.4
1OIA,Y,78,D,-5.1
1OIA,Y,31,S,-2.3
1OIA,Y,13,T,-1.3
1OIA,Y,86,T,-2.9
1OMP,W,10,A,-4.3
1OMP,P,159,S,-1.7
1OMP,P,48,S,-0.3
1OMP,A,276,G,-1.89
1ONC,F,28,T,-5.31
1PGA,D,22,G,-1.2
1PGA,E,56,S,-0.17
1PGA,E,19,S,0.11
1PGA,Y,33,E,-1.74
1PGA,I,6,R,-0.66
1PGA,E,56,M,-0.29
1PGA,E,42,M,0.42
1PGA,E,19,M,0.19
1PGA,E,15,M,0.72
1PGA,M,1,Q,0.4
1PGA,G,41,M,0.19
1PGA,G,38,M,-0.47
1PGA,G,14,M,0.94
1PGA,G,9,M,-0.55
1PGA,V,21,M,0.52
1PGA,V,39,M,-0.27
1PGA,V,54,M,-0.68
1PGA,G,38,P,-2.74
1PGA,G,14,P,-0.88
1PGA,G,9,P,-2.38
1PGA,I,6,D,-1.97
1PGA,I,6,E,-1.03
1PGA,Y,33,N,-1.95
1PGA,K,28,P,-1.23
1PGA,K,13,P,-0.99
1PGA,K,10,P,-0.18
1PGA,A,48,N,0.13
1PGA,A,34,N,-1.46
1PGA,A,23,N,-0.19
1PGA,A,20,N,-2.85
1PGA,A,48,Y,0.41
1PGA,A,34,Y,-2
1PGA,A,23,Y,0.38
1PGA,A,20,Y,-1.94
1PGA,L,12,Q,0.14
1PGA,L,7,Q,-1.54
1PGA,M,1,Y,0.68
1PGA,A,48,P,0.01
1PGA,A,23,P,-0.14
1PGA,A,26,P,-3.4
1PGA,L,5,F,-0.47
1PGA,L,12,F,1.26
1PGA,M,1,P,0.06
1PGA,V,21,N,0.5
1PGA,V,29,N,-0.22
1PGA,Y,33,V,-0.44
1PGA,Y,45,V,-2.53
1PGA,M,1,K,0.27
1PGA,G,9,E,-2
1PGA,G,14,E,0.53
1PGA,G,38,E,-0.13
1PGA,D,47,E,0.69
1PGA,D,46,E,-0.05
1PGA,D,36,E,1.05
1PGA,D,22,E,-0.82
1PGA,N,37,Q,0.94
1PGA,N,35,Q,0.84
1PGA,N,8,Q,0.29
1PGA,N,35,S,0.76
1PGA,N,8,S,-0.04
1PGA,D,47,L,-0.33
1PGA,D,46,L,-0.53
1PGA,D,40,L,0.17
1PGA,D,36,L,0.29
1PGA,D,22,L,-1.18
1PGA,K,31,V,0.19
1PGA,K,13,V,0.53
1PGA,K,4,V,-0.27
1PGA,V,54,Y,-1.73
1PGA,V,39,Y,-0.42
1PGA,V,29,Y,0.19
1PGA,V,21,Y,0.64
1PGA,K,4,D,-2.05
1PGA,K,10,D,-0.5
1PGA,K,28,D,0.1
1PGA,K,50,D,-1.33
1PGA,T,11,H,0.42
1PGA,T,18,H,-0.42
1PGA,T,51,H,-2.16
1PGA,A,48,R,0.12
1PGA,A,34,R,-2.93
1PGA,A,23,R,0.59
1PGA,A,20,R,-1.47
1PGA,I,6,Y,-0.21
1PGA,M,1,R,0.51
1PGA,Y,3,K,0.88
1PGA,Y,33,K,-1.53
1PGA,Y,45,K,-3.12
1PGA,M,1,E,0.64
1PGA,E,42,T,0.13
1PGA,E,27,T,-1.04
1PGA,E,15,T,0.01
1PGA,Q,32,Y,-0.39
1PGA,E,42,N,0.25
1PGA,E,27,N,-1.64
1PGA,E,15,N,0.16
1PGA,T,2,Q,0.34
1PGA,T,17,Q,0.28
1PGA,T,49,Q,-0.39
1PGA,T,55,Q,-0.04
1PGA,G,38,T,-1.01
1PGA,G,14,T,0.39
1PGA,G,9,T,0.3
1PGA,F,52,Y,-0.34
1PGA,F,30,Y,0.91
1PGA,I,6,H,-1.06
1PGA,K,50,T,-1.17
1PGA,K,13,T,0.25
1PGA,K,4,T,0.48
1PGA,L,12,Y,1.78
1PGA,L,7,Y,-0.02
1PGA,L,5,Y,-2.76
1PGA,A,48,K,0.5
1PGA,A,24,K,0.78
1PGA,A,20,K,-1.77
1PGA,N,37,T,0.08
1PGA,N,35,T,0.48
1PGA,N,8,T,-0.61
1PGA,N,37,R,0.42
1PGA,N,35,R,0.33
1PGA,N,8,R,0.64
1PGA,V,21,H,0.19
1PGA,V,29,H,0.16
1PGA,V,39,H,-1.57
1PGA,L,12,T,0.42
1PGA,L,7,T,-1.14
1PGA,Y,33,H,-1.44
1PGA,L,7,M,0.5
1PGA,L,5,M,-0.68
1PGA,Q,32,H,-0.2
1PGA,N,8,M,0.37
1PGA,N,35,M,0.18
1PGA,N,37,M,0.3
1PGA,G,41,K,-2.41
1PGA,G,38,K,0.29
1PGA,G,14,K,0.72
1PGA,G,9,K,-1.23
1PGA,D,47,S,0.46
1PGA,D,46,S,-0.2
1PGA,D,40,S,0.56
1PGA,D,22,S,0.62
1PGA,M,1,G,0.3
1PGA,K,50,S,-0.29
1PGA,K,31,S,-0.72
1PGA,K,28,S,0.36
1PGA,K,10,S,-0.13
1PGA,K,4,S,0.18
1PGA,E,42,V,0.28
1PGA,E,27,V,-0.91
1PGA,E,15,V,0.92
1PGA,I,6,Q,-0.58
1PGA,Q,32,N,-0.01
1PGA,Q,32,S,0.2
1PGA,Q,32,T,0.32
1PGA,V,21,K,0.54
1PGA,V,29,K,0.33
1PGA,V,39,K,-1.96
1PGA,Q,32,E,0.38
1PGA,A,48,M,-0.04
1PGA,A,34,M,-0.45
1PGA,A,23,M,0.51
1PGA,A,20,M,-1.43
1PGA,T,17,E,0.33
1PGA,T,49,E,-0.35
1PGA,T,55,E,-0.36
1PGA,A,48,D,0.35
1PGA,A,24,D,0.27
1PGA,A,23,D,-0.44
1PGA,A,20,D,-1.65
1PGA,D,47,Y,0.35
1PGA,D,46,Y,-1.31
1PGA,D,36,Y,0.43
1PGA,D,22,Y,-1.17
1PGA,L,12,R,0.24
1PGA,L,7,R,-2.07
1PGA,L,5,R,0.72
1PGA,G,9,F,0
1PGA,G,14,F,0.67
1PGA,G,41,F,-2.32
1PGA,L,7,K,-2.76
1PGA,L,12,K,0.6
1PGA,M,1,N,0.43
1PGA,E,56,H,-1.06
1PGA,E,19,H,0.02
1PGA,E,15,H,-0.25
1PGA,G,41,I,0.58
1PGA,G,38,I,-1.44
1PGA,G,14,I,0.81
1PGA,G,9,I,-0.59
1PGA,D,47,Q,0.58
1PGA,D,46,Q,-0.38
1PGA,D,40,Q,0.72
1PGA,D,36,Q,0.41
1PGA,D,22,Q,-1.21
1PGA,D,46,F,-0.52
1PGA,D,40,F,0.82
1PGA,D,22,F,-1.08
1PGA,E,56,P,-0.66
1PGA,E,19,P,-0.78
1PGA,E,15,P,-1.98
1PGA,F,30,R,-0.28
1PGA,I,6,S,-1.38
1PGA,Y,3,M,-2.6
1PGA,Y,33,M,-0.6
1PGA,Y,45,M,-2.49
1PGA,D,47,M,-0.75
1PGA,D,46,M,-0.84
1PGA,D,40,M,0.46
1PGA,D,36,M,0.5
1PGA,D,22,M,-1.35
1PGA,N,8,F,0.35
1PGA,N,35,F,1
1PGA,N,37,F,1.01
1PGA,V,21,E,0.76
1PGA,V,39,E,-0.27
1PGA,G,38,H,0.5
1PGA,G,14,H,0.08
1PGA,G,9,H,-1.22
1PGA,Q,32,M,0.5
1PGA,Y,45,D,-1.05
1PGA,E,56,Y,0.68
1PGA,E,27,Y,0.26
1PGA,E,19,Y,0.77
1PGA,K,31,N,-0.58
1PGA,K,13,N,0.01
1PGA,K,10,N,0.1
1PGA,L,7,P,-2.88
1PGA,L,5,P,-1.65
1PGA,A,48,Q,0.54
1PGA,A,34,Q,-2.33
1PGA,A,23,Q,0.8
1PGA,A,20,Q,0.12
1PGA,T,53,I,0.1
1PGA,N,37,V,0.48
1PGA,N,35,V,0.42
1PGA,N,8,V,0.13
1PGA,D,47,V,-0.01
1PGA,D,46,V,-0.51
1PGA,D,40,V,0.59
1PGA,D,22,V,-1.43
1PGA,M,1,H,0.67
1PGA,V,21,F,1.1
1PGA,V,29,F,0.59
1PGA,V,54,F,-1.64
1PGA,Q,32,F,-0.32
1PGA,F,52,M,-2.71
1PGA,F,30,M,-1.66
1PGA,G,41,Y,-2.49
1PGA,G,38,Y,-0.43
1PGA,G,14,Y,0.24
1PGA,G,9,Y,-0.54
1PGA,E,56,R,-1.34
1PGA,E,42,R,0.55
1PGA,E,27,R,0.44
1PGA,E,15,R,0.28
1PGA,V,21,P,0.83
1PGA,V,29,P,-2.72
1PGA,V,39,P,-2.31
1PGA,V,54,P,0.42
1PGA,E,56,I,0.02
1PGA,E,42,I,1.19
1PGA,E,27,I,0.1
1PGA,E,15,I,0.6
1PGA,K,31,M,0.39
1PGA,K,4,M,0.49
1PGA,E,56,L,-0.14
1PGA,E,19,L,0.37
1PGA,F,30,V,-2.53
1PGA,F,52,H,-2.66
1PGA,G,38,N,0.3
1PGA,G,14,N,0.03
1PGA,G,9,N,-1.29
1PGA,I,6,N,-0.8
1PGA,V,21,Q,0.27
1PGA,V,29,Q,0.38
1PGA,V,39,Q,-1.52
1PGA,V,54,Q,-2.91
1PGA,N,8,K,0.45
1PGA,N,35,K,1.04
1PGA,N,37,K,1.02
1PGA,K,31,L,0.17
1PGA,K,28,L,0.31
1PGA,K,13,L,-0.06
1PGA,K,4,L,-0.21
1PGA,A,48,S,0.29
1PGA,A,26,S,-2.33
1PGA,A,24,S,0.22
1PGA,A,20,S,-0.2
1PGA,M,1,S,0.68
1PGA,V,21,D,0.46
1PGA,V,29,D,-0.22
1PGA,V,39,D,-3.41
1PGA,V,54,D,-2.67
1PGA,D,47,T,-0.07
1PGA,D,46,T,-0.8
1PGA,D,40,T,0.57
1PGA,D,36,T,-0.2
1PGA,D,22,T,-0.44
1PGA,Q,32,R,0.39
1PGA,Q,32,D,0.05
1PGA,Q,32,K,0.58
1PGA,V,21,R,0.51
1PGA,V,29,R,0.44
1PGA,V,39,R,-2.04
1PGA,T,2,N,-0.14
1PGA,T,16,N,-0.14
1PGA,T,25,N,0.02
1PGA,T,51,N,-2.19
1PGA,T,55,N,0.34
1PGA,Q,32,I,0.11
1PGA,L,7,D,-3.11
1PGA,L,12,D,-0.68
1PGA,G,38,L,0.04
1PGA,G,14,L,1.25
1PGA,G,9,L,0.32
1PGA,A,48,H,-0.08
1PGA,A,34,H,-3.19
1PGA,A,23,H,-0.2
1PGA,A,20,H,-1.91
1PGA,T,11,F,0.76
1PGA,T,18,F,0.56
1PGA,T,44,F,0.09
1PGA,T,55,F,-0.19
1PGA,N,8,I,0.56
1PGA,N,35,I,0.68
1PGA,N,37,I,0.57
1PGA,Q,32,P,0.61
1PGA,D,47,R,0.18
1PGA,D,46,R,-1.72
1PGA,D,40,R,0.55
1PGA,D,36,R,0.41
1PGA,D,22,R,-1.47
1PGA,M,1,D,0.38
1PGA,D,47,I,0.74
1PGA,D,46,I,-0.57
1PGA,D,36,I,0.28
1PGA,D,22,I,-2.21
1PGA,K,4,I,1.08
1PGA,K,13,I,0.23
1PGA,K,28,I,0.72
1PGA,K,50,I,-1.52
1PGA,F,52,P,-1.72
1PGA,I,6,K,-0.47
1PGA,T,11,L,0.38
1PGA,T,18,L,0.8
1PGA,T,49,L,0.21
1PGA,T,55,L,-0.3
1PGA,T,2,D,-0.55
1PGA,T,17,D,-0.32
1PGA,T,49,D,-0.84
1PGA,T,55,D,-0.33
1PGA,A,34,E,-2.6
1PGA,A,20,E,-0.58
1PGA,N,8,E,-0.01
1PGA,N,37,E,0
1PGA,T,2,K,0.31
1PGA,T,16,K,0.32
1PGA,T,25,K,-0.08
1PGA,T,51,K,-1.38
1PGA,T,55,K,-0.64
1PGA,T,2,M,1
1PGA,T,16,M,0.7
1PGA,T,25,M,0.2
1PGA,T,51,M,-0.98
1PGA,T,55,M,-0.48
1PGA,K,4,H,0.74
1PGA,K,10,H,0.15
1PGA,K,28,H,0.07
1PGA,K,50,H,0.82
1PGA,T,11,R,0.39
1PGA,T,18,R,-0.44
1PGA,T,49,R,-0.47
1PGA,T,55,R,-0.13
1PGA,M,1,T,0.5
1PGA,Y,3,R,-1.22
1PGA,Y,33,R,-1.72
1PGA,Y,45,R,-2.22
1PGA,G,38,S,-0.17
1PGA,G,9,S,0.03
1PGA,M,1,F,1.14
1PGA,N,8,H,0.24
1PGA,N,35,H,0.04
1PGA,N,37,H,0.7
1PGA,Q,32,V,-0.13
1PGA,K,31,Y,-0.48
1PGA,K,28,Y,0.25
1PGA,K,13,Y,0.69
1PGA,K,4,Y,0.82
1PGA,N,37,P,-3.69
1PGA,N,8,P,-1.45
1PGA,L,7,H,-1.59
1PGA,L,12,H,0.28
1PGA,Y,33,Q,-1.34
1PGA,G,41,R,0.43
1PGA,G,38,R,-0.42
1PGA,G,9,R,-0.88
1PGA,D,47,P,0.9
1PGA,D,40,P,-1.72
1PGA,D,36,P,-2.7
1PGA,D,22,P,-2.93
1PGA,N,8,L,0.95
1PGA,N,35,L,0.85
1PGA,N,37,L,0.95
1PGA,N,37,Y,0.78
1PGA,N,35,Y,0.93
1PGA,N,8,Y,0.21
1PGA,Q,32,L,0.14
1PGA,Y,33,T,-1.64
1PGA,Y,3,I,-3.29
1PGA,Y,33,I,-0.14
1PGA,Y,45,I,-2.24
1PGA,L,12,N,0.09
1PGA,F,30,D,-0.5
1PGA,L,12,S,-0.06
1PGA,L,7,S,-1.79
1PGA,T,55,Y,-0.14
1PGA,T,51,Y,-1.64
1PGA,T,25,Y,0.1
1PGA,T,16,Y,1.31
1PGA,T,2,Y,0.15
1PGA,D,47,H,-0.17
1PGA,D,46,H,-0.84
1PGA,D,36,H,-0.09
1PGA,D,22,H,-0.99
1PGA,T,11,P,-1.03
1PGA,T,16,P,-1.99
1PGA,T,25,P,-2.1
1PGA,M,1,V,0.27
1PGA,F,52,I,-0.24
1PGA,G,38,Q,0.19
1PGA,G,14,Q,0.52
1PGA,G,9,Q,-1.06
1QGV,G,126,D,-1.71
1QLP,K,331,F,-0.88
1QLP,K,331,V,-0.45
1QLP,A,183,I,1.8
1QLP,A,248,I,2.2
1QLP,A,250,I,-0.4
1QLP,V,145,I,0.2
1QLP,F,51,C,3.01
1QLP,A,284,V,0.8
1QLP,A,183,F,1.5
1QLP,A,248,F,1.8
1QLP,K,331,I,-0.42
1QLP,A,250,L,-1
1QLP,V,321,L,-1.2
1QLP,M,374,I,2.3
1RG8,C,117,S,-0.93
1RHG,L,50,E,1.1
1RHG,E,46,A,-0.25
1RHG,G,149,A,2.29
1SCE,P,90,G,1.33
1STN,Y,91,E,-8.6
1STN,I,72,E,-8.5
1STN,I,92,E,-10.1
1STN,F,34,E,-5.4
1STN,F,34,E,-7.9
1STN,V,66,K,-5.2
1STN,T,62,E,-6.7
1STN,V,74,E,-6.1
1STN,V,99,E,-9.5
1STN,V,104,E,-7.4
1STN,L,25,E,-6.4
1STN,L,103,E,-4.2
1STN,L,125,E,-9.1
1STN,A,132,E,-8.5
1STN,N,100,E,-1.2
1STN,N,100,E,-4.5
1STN,N,118,E,-1.9
1TEN,Y,858,G,-2.76
1TEN,Y,869,F,-3.13
1TEN,S,882,A,-2.28
1TEN,I,860,V,-0.83
1TEN,I,860,A,-2.06
1TEN,F,889,A,-5.43
1TEN,T,867,S,-1.22
1TEN,E,887,G,-1.95
1TEN,P,884,A,-0.11
1TEN,V,871,A,-2.81
1TEN,Y,858,A,-1.38
1TEN,E,887,A,1.61
1TEN,A,885,G,-1.09
1TEN,L,873,A,-3.06
1TTG,W,22,F,-1.94
1TTG,Y,32,L,-2.4
1TTG,P,87,A,-0.21
1U5P,D,1779,G,-1.2
1U5P,K,1809,G,-0.5
1U5P,F,1774,L,-1.3
1U5P,I,1846,V,-0.6
1U5P,I,1785,A,-3.65
1U5P,F,1853,A,-2.8
1U5P,Q,1826,G,-1.8
1U5P,V,1804,A,-0.4
1U5P,H,1811,A,-1.4
1U5P,R,1776,G,-1.9
1U5P,S,1783,G,-0.5
1U5P,H,1772,G,-0.5
1U5P,N,1806,G,-0.4
1U5P,L,1818,A,-3.8
1UBQ,V,26,G,-6.3
1UBQ,V,26,L,0.3
1V7Y,E,49,S,-1.4
1V7Y,E,49,M,4.5
1V7Y,G,211,W,-1.35
1V7Y,G,211,E,2.4
1V7Y,E,49,N,-0.6
1V7Y,F,139,W,-0.65
1V7Y,F,258,W,-1.2
1V7Y,E,49,H,1.3
1V7Y,E,49,P,-0.6
1V7Y,E,49,Y,-0.17
1V7Y,E,49,C,2.2
1V7Y,E,49,I,8
1V7Y,P,96,A,-1.21
1V7Y,E,49,W,1.1
1V7Y,P,28,G,-0.04
1WAA,Y,9,F,-0.4
1WAA,Y,9,P,-2.2
1WAA,Y,9,S,-0.2
1XPB,C,77,S,-1.68
1YCC,K,73,W,-1.43
1YCC,N,52,Q,-0.84
1YCC,N,52,S,-0.37
1YCC,N,52,T,1.9
1YCC,N,52,M,4.04
1YCC,P,71,V,-1
1YCC,H,33,Y,-0.6
1YCC,H,26,Y,-1.96
1YCC,K,73,R,-0.03
1YCC,P,71,T,-1.7
1YCC,N,52,F,-0.06
1YCC,N,52,V,2.02
1YCC,K,73,L,-0.03
1YCC,N,52,I,4.1
1YCC,P,71,I,-1.7
1YCC,K,73,H,-1.92
1YCC,N,52,H,-1.7
1YCC,N,52,L,4.73
1YTC,P,71,T,-0.8
2CI2,N,75,A,-1.22
2CI2,E,33,D,-0.77
2CI2,L,51,V,-1.02
2CI2,E,34,N,-0.08
2CI2,F,69,L,-1.92
2CI2,D,42,A,-1.05
2CI2,K,72,N,-1.21
2CI2,F,69,V,-1.41
2CI2,L,40,G,-2.09
2CI2,N,75,D,-1.51
2CI2,E,34,Q,-0.68
2CRK,D,122,N,-1.2
2H61,L,3,S,-0.43
2HFT,R,200,W,0.6
2IMM,N,90,Q,1.05
2IMM,Q,79,E,-0.41
2IMM,K,24,R,-0.17
2IMM,P,43,S,-0.17
2LZM,W,126,R,-5.74
2LZM,A,82,P,-0.72
2LZM,Y,25,G,-4.55
2LZM,C,54,Y,-5.02
2LZM,G,51,D,-2.63
2LZM,I,58,Y,-3.11
2LZM,A,98,T,-3.83
2LZM,A,146,T,-2.87
2LZM,A,160,T,-4.55
2LZM,F,153,C,-3.11
2LZM,Q,105,G,-3.11
2LZM,L,66,P,-12.23
2LZM,S,38,D,-1.2
2LZM,W,138,Y,-2.87
2LZM,T,157,F,-4.07
2LZM,M,6,I,-4.78
2PPN,W,59,L,-2.35
2PPN,I,56,D,-3.16
2PPN,I,56,T,-1.81
2PPN,T,21,S,-1.44
2PPN,T,21,V,0.86
2PPN,E,60,G,2.68
2PPN,R,57,G,2.1
2Q98,H,138,A,0.58
2RJX,H,41,Y,1.1
2RN2,I,53,D,-4.1
2RN2,I,53,D,-2.1
2RN2,H,62,P,0.74
2RN2,I,53,F,-3.9
2RN2,D,10,A,3.3
2RN2,Q,105,G,-2.2
2RN2,I,53,L,-1.4
2RN2,R,27,A,-2.2
2RN2,S,68,V,1.29
2RN2,S,68,T,0.1
2RN2,S,68,L,-1
2RN2,H,127,A,-0.58
2RN2,H,127,A,-0.31
2RN2,S,68,G,-2.2
2TS1,I,52,L,-0.18
3B0K,A,30,I,2.4
3B0K,W,118,F,0.16
3B0K,T,29,I,4.4
3GP6,Q,139,A,-0.97
3GP6,W,17,A,-0.98
3GP6,W,51,A,-0.45
3GP6,M,157,A,-0.77
3GP6,T,108,A,-0.4
3I40,H,10,E,1.44
3I40,T,8,H,1.76
3I40,H,10,T,-0.22
3I40,H,10,D,1.3
3I40,S,9,D,0.1
3I40,F,25,H,1
3I40,Y,26,T,-0.3
3I40,F,25,D,0.6
3MVT,W,117,F,4.74
3PF4,F,15,A,-2.27
3PF4,E,3,R,0.88
3PF4,E,66,L,1.34
3PGK,Y,48,W,-0.32
3PGK,Y,122,W,-0.74
3PGK,H,388,Q,-0.84
3SIL,A,53,L,0.81
3SNF,M,23,L,-2.84
3UA6,S,124,N,-0.73
3UA6,S,124,H,-1.25
3UA6,E,107,T,-0.6
3UA6,S,124,A,-0.71
3UA6,E,107,F,-1.63
3UA6,E,107,V,-2
3UA6,E,107,H,-0.99
3UA6,E,107,P,-1.71
3UA6,S,124,F,-1.9
3UA6,S,124,V,-1.1
3UA6,S,124,D,-2.02
3UA6,S,124,T,-1.65
3UA6,S,124,K,0.11
3UA6,S,124,L,-0.37
3UA6,S,124,R,-0.18
3UA6,S,124,I,-1.41
3UA6,S,124,Y,-2.27
3UA6,S,124,G,-1.68
3VSY,Y,16,S,11.9
3VSY,Y,57,S,9.5
451C,V,78,I,0.06
451C,F,34,Y,1.33
451C,E,43,Y,1.13
4LYZ,I,55,T,-3.3
4NX6,V,88,A,0.39
4P2P,H,48,K,-3.21
4P2P,H,48,N,-2.28
4POC,S,105,D,-1.3
4POC,Q,179,D,1.5
5C0Z,P,30,V,-5
5C0Z,H,33,F,0.67
5C0Z,H,26,V,-3.78
5C0Z,N,52,I,-3.14
5CE4,R,126,K,-4.66
5CE4,T,40,Q,-4.37
5CE4,F,16,Y,-3.44
5CE4,T,40,E,-3.27
5CE4,R,126,Q,-0.62
5CE4,R,106,T,-3.54
5CE4,T,40,V,-1.84
5CE4,F,57,S,-3.63
5CGQ,F,22,V,-1.71
5CGQ,Y,175,Q,0.35
5CGQ,F,22,I,-2.38
5LVE,S,29,N,-0.2
5LVE,K,39,T,-2.6
5LVE,Q,90,H,-0.8
5LVE,M,4,L,1.1
5LVE,Q,38,N,-1.1
5LVE,Q,90,N,-1.6
5LVE,N,28,F,-3.1
5LVE,L,15,P,-1.5
5LVE,S,97,T,-0.3
5LVE,Y,96,P,-1.6
5LVE,P,40,L,-1.7
5LVE,Y,96,Q,-1
5T4L,R,254,K,-6.3
5T4L,K,63,E,-4.85
5T4L,R,254,M,-3.6
5T4L,N,285,R,-2.6
5T4L,E,253,K,-7.35
5T4L,C,77,A,-1.3
5T4L,C,258,A,-2.5
9ILB,K,97,V,1.5
9ILB,T,9,G,-3.7
9ILB,R,4,P,-0.4
9ILB,K,97,R,-3.1
9ILB,R,4,Q,-1
9ILB,C,8,S,-4.8
9ILB,C,8,A,-2.52
9ILB,N,7,D,0.43
9ILB,L,10,A,-5.1
