Mut_index,Direction,PDB,Gene,Chain,Number,Wild,Mutated,exp_ddG,Predicted
0,direct,1AMQ,NA,A,191,C,Y,-2.3,-2.027
0,reverse,1QIR,NA,A,191,Y,C,2.3,0.924
1,direct,1AMQ,NA,A,191,C,F,-1.6,-2.581
1,reverse,1QIS,NA,A,191,F,C,1.6,1.699
2,direct,1AMQ,NA,A,191,C,W,-3.9,-1.361
2,reverse,1QIT,NA,A,191,W,C,3.9,0.029
3,direct,1AMQ,NA,A,191,C,S,-1.9,-2.476
3,reverse,5EAA,NA,A,191,S,C,1.9,2.212
4,direct,1BNI,NA,A,7,F,L,-4.1,-0.979
4,reverse,1BRG,NA,A,7,L,F,4.1,-0.036
5,direct,1BNI,NA,A,14,L,A,-4.5,-3.573
5,reverse,1BRH,NA,A,14,A,L,4.5,2.09
6,direct,1BNI,NA,A,26,T,A,-1.7,-1.597
6,reverse,1BNS,NA,A,26,A,T,1.7,0.651
7,direct,1BNI,NA,A,51,I,V,-1.1,-1.584
7,reverse,1BSA,NA,A,51,V,I,1.1,1.236
8,direct,1BNI,NA,A,76,I,A,-1.7,-2.283
8,reverse,1BRI,NA,A,76,A,I,1.7,1.565
9,direct,1BNI,NA,A,76,I,V,-1,-0.304
9,reverse,1BSB,NA,A,76,V,I,1,-0.091
10,reverse,1BAO,NA,A,78,F,Y,1.1,0.728
10,direct,1BNI,NA,A,78,Y,F,-1.1,-1.288
11,direct,1BNI,NA,A,88,I,A,-4,-3.715
11,reverse,1BRJ,NA,A,88,A,I,4,2.667
12,direct,1BNI,NA,A,88,I,V,-1.6,-1.254
12,reverse,1BSC,NA,A,88,V,I,1.6,0.725
13,direct,1BNI,NA,A,89,L,V,-0.5,0.645
13,reverse,1BSE,NA,A,89,V,L,0.5,-0.945
14,reverse,1BAN,NA,A,91,A,S,2.4,0.611
14,direct,1BNI,NA,A,91,S,A,-2.4,-1.182
15,direct,1BNI,NA,A,96,I,A,-3.2,-3.737
15,reverse,1BRK,NA,A,96,A,I,3.2,3.011
16,direct,1BNI,NA,A,96,I,V,-3.1,-0.591
16,reverse,1BSD,NA,A,96,V,I,3.1,0.688
17,direct,1CEY,NA,A,12,D,A,2.5,-0.856
17,reverse,1E6K,chey,A,12,A,D,-2.5,-0.714
18,direct,1CEY,NA,A,13,D,A,2.7,-0.218
18,reverse,1E6L,chey,A,13,A,D,-2.7,0.339
19,direct,1CEY,NA,A,57,D,A,3.3,-0.747
19,reverse,1E6M,NA,A,57,A,D,-3.3,0.409
20,direct,1EY0,NA,A,22,T,C,-0.9,-1.075
20,reverse,2EXZ,nuc,A,22,C,T,0.9,0.443
21,direct,1EY0,NA,A,22,T,V,-0.9,-0.697
21,reverse,2EY1,nuc,A,22,V,T,0.9,0.399
22,direct,1EY0,NA,A,23,V,L,-0.1,-0.908
22,reverse,2F0E,nuc,A,23,L,V,0.1,-0.196
23,direct,1EY0,NA,A,25,L,I,-1.7,-1.277
23,reverse,2F0F,nuc,A,25,I,L,1.7,-0.198
24,direct,1EY0,NA,A,33,T,V,0.4,0.059
24,reverse,1EY5,NA,A,33,V,T,-0.4,-0.197
25,direct,1EY0,NA,A,41,T,C,0.6,0.235
25,reverse,2EY2,nuc,A,41,C,T,-0.6,0.121
26,direct,1EY0,NA,A,41,T,I,0.7,-0.552
26,reverse,1EY6,NA,A,41,I,T,-0.7,0.531
27,direct,1EY0,NA,A,41,T,S,-1.1,-1.24
27,reverse,2EY5,nuc,A,41,S,T,1.1,1.009
28,direct,1EY0,NA,A,41,T,V,0.8,-0.799
28,reverse,2EY6,nuc,A,41,V,T,-0.8,0.227
29,direct,1EY0,NA,A,44,T,V,0.1,-0.126
29,reverse,2EYF,nuc,A,44,V,T,-0.1,-0.032
30,direct,1EY0,NA,A,59,S,A,0.5,-0.296
30,reverse,1EY4,NA,A,59,A,S,-0.5,0.426
31,direct,1EY0,NA,A,62,T,S,-2.1,-1.77
31,reverse,2EYH,nuc,A,62,S,T,2.1,1.427
32,direct,1EY0,NA,A,62,T,V,-0.2,-0.697
32,reverse,2EYJ,nuc,A,62,V,T,0.2,-0.101
33,direct,1EY0,NA,A,66,V,I,-1,0.28
33,reverse,2F0G,nuc,A,66,I,V,1,-0.329
34,direct,1EY0,NA,A,66,V,L,-0.3,0.36
34,reverse,2F0H,nuc,A,66,L,V,0.3,-1.895
35,direct,1EY0,NA,A,66,V,K,-7.5,-4.895
35,reverse,2SNM,NA,A,66,K,V,7.5,3.094
36,direct,1EY0,NA,A,72,I,L,-0.2,-1.365
36,reverse,2F0I,nuc,A,72,L,I,0.2,-0.419
37,direct,1EY0,NA,A,72,I,V,-1.2,-0.34
37,reverse,2F0J,nuc,A,72,V,I,1.2,-0.222
38,direct,1EY0,NA,A,82,T,S,-0.7,-0.57
38,reverse,2EYL,nuc,A,82,S,T,0.7,0.173
39,direct,1EY0,NA,A,92,I,V,-0.4,-0.236
39,reverse,2F0D,nuc,A,92,V,I,0.4,-0.021
40,direct,1EY0,NA,A,116,K,G,1,-0.317
40,reverse,1KAB,NA,A,116,G,K,-1,-0.374
41,direct,1EY0,NA,A,117,P,A,0.8,-1.415
41,reverse,1SYG,NA,A,117,A,P,-0.8,0.855
42,direct,1EY0,NA,A,117,P,G,0.9,-1.359
42,reverse,1SYC,NA,A,117,G,P,-0.9,-0.012
43,direct,1EY0,NA,A,117,P,T,1.1,-1.44
43,reverse,1SYE,NA,A,117,T,P,-1.1,0.65
44,direct,1EY0,NA,A,120,T,C,-1.7,-0.659
44,reverse,2EYM,nuc,A,120,C,T,1.7,-0.437
45,direct,1EY0,NA,A,120,T,S,-0.6,-0.409
45,reverse,2EYO,nuc,A,120,S,T,0.6,-0.035
46,direct,1EY0,NA,A,120,T,V,-1.8,0.124
46,reverse,2EYP,nuc,A,120,V,T,1.8,-0.19
47,direct,1EY0,NA,A,128,S,A,0.7,0.996
47,reverse,1EY7,NA,A,128,A,S,-0.7,-1.405
48,direct,1IHB,p18-ink4c(ink6),A,71,F,N,0.7,-1.063
48,reverse,1MX2,NA,A,71,N,F,-0.7,2.12
49,direct,1IHB,p18-ink4c(ink6),A,82,F,Q,-0.4,-0.437
49,reverse,1MX4,NA,A,82,Q,F,0.4,0.367
50,direct,1IHB,p18-ink4c(ink6),A,92,F,N,-1.1,-0.936
50,reverse,1MX6,NA,A,92,N,F,1.1,-0.51
51,reverse,1HIB,NA,A,9,G,T,2.6,0.427
51,direct,1IOB,NA,A,9,T,G,-2.6,-4.905
52,direct,1L63,NA,A,6,M,A,-1.9,-2.04
52,reverse,245L,t4 lysozyme gene,A,6,A,M,1.9,1.678
53,direct,1L63,NA,A,6,M,L,-2.8,-0.675
53,reverse,230L,t4 lysozyme,A,6,L,M,2.8,0.387
54,direct,1L63,NA,A,11,E,H,0.1,-1.447
54,reverse,1QT6,NA,A,11,H,E,-0.1,0.103
55,direct,1L63,NA,A,11,E,N,-0.1,-1.246
55,reverse,1QT7,NA,A,11,N,E,0.1,0.599
56,direct,1L63,NA,A,17,I,A,-2.7,-1.827
56,reverse,239L,t4 lysozyme gene,A,17,A,I,2.7,1.456
57,direct,1L63,NA,A,20,D,A,-0.3,-1.139
57,reverse,253L,t4 lysozyme gene,A,20,A,D,0.3,0.833
58,direct,1L63,NA,A,20,D,N,1.3,-0.821
58,reverse,255L,t4 lysozyme gene,A,20,N,D,-1.3,0.558
59,direct,1L63,NA,A,20,D,S,0.7,-1.07
59,reverse,254L,t4 lysozyme gene,A,20,S,D,-0.7,0.08
60,direct,1L63,NA,A,27,I,A,-3.1,-2.84
60,reverse,240L,t4 lysozyme gene,A,27,A,I,3.1,2.564
61,reverse,1D2W,gene e,A,27,M,I,3.1,0.896
61,direct,1L63,NA,A,27,I,M,-3.1,-1.668
62,direct,1L63,NA,A,29,I,A,-2.6,-2.124
62,reverse,241L,t4 lysozyme gene,A,29,A,I,2.6,1.67
63,reverse,1L61,NA,A,38,N,S,-0,-0.23
63,direct,1L63,NA,A,38,S,N,0,-0.688
64,reverse,120L,NA,A,41,S,A,0.6,-0.013
64,direct,1L63,NA,A,41,A,S,-0.6,-0.424
65,direct,1L63,NA,A,42,A,V,-2.7,-0.947
65,reverse,1QTB,NA,A,42,V,A,2.7,-0.401
66,direct,1L63,NA,A,42,A,S,-2.3,-1.296
66,reverse,206L,t4 lysozyme gene,A,42,S,A,2.3,0.264
67,direct,1L63,NA,A,43,K,A,-1,-0.911
67,reverse,1L66,NA,A,43,A,K,1,0.439
68,direct,1L63,NA,A,44,S,A,0.3,-0.073
68,reverse,1L68,NA,A,44,A,S,-0.3,-0.098
69,reverse,108L,NA,A,44,I,S,-0.3,-0.343
69,direct,1L63,NA,A,44,S,I,0.3,0.227
70,reverse,110L,NA,A,44,L,S,-0.4,-0.32
70,direct,1L63,NA,A,44,S,L,0.4,0.153
71,reverse,109L,NA,A,44,K,S,-0.2,-0.146
71,direct,1L63,NA,A,44,S,K,0.2,0.058
72,direct,1L63,NA,A,44,S,E,0,0.071
72,reverse,217L,NA,A,44,E,S,-0,-0.183
73,reverse,107L,NA,A,44,G,S,0.5,0.215
73,direct,1L63,NA,A,44,S,G,-0.5,-0.757
74,reverse,113L,NA,A,44,R,S,-0.2,-0.169
74,direct,1L63,NA,A,44,S,R,0.2,0.04
75,reverse,111L,NA,A,44,N,S,0.1,-0.12
75,direct,1L63,NA,A,44,S,N,-0.1,-0.048
76,reverse,137L,NA,A,44,F,S,-0.1,-0.49
76,direct,1L63,NA,A,44,S,F,0.1,-0.012
77,reverse,112L,NA,A,44,P,S,3,-0.137
77,direct,1L63,NA,A,44,S,P,-3,-0.507
78,reverse,114L,NA,A,44,T,S,-0,-0.158
78,direct,1L63,NA,A,44,S,T,0,-0.253
79,reverse,115L,NA,A,44,V,S,-0.1,-0.06
79,direct,1L63,NA,A,44,S,V,0.1,-0.176
80,direct,1L63,NA,A,46,L,A,-1.9,-2.124
80,reverse,1L67,NA,A,46,A,L,1.9,1.92
81,direct,1L63,NA,A,47,D,A,-1,-1.077
81,reverse,1L65,NA,A,47,A,D,1,0.549
82,direct,1L63,NA,A,49,A,S,-0.5,-0.076
82,reverse,221L,NA,A,49,S,A,0.5,0.003
83,direct,1L63,NA,A,50,I,A,-2,-1.355
83,reverse,242L,t4 lysozyme gene,A,50,A,I,2,0.649
84,reverse,1D2Y,gene e,A,50,M,I,0.4,0.114
84,direct,1L63,NA,A,50,I,M,-0.4,-0.25
85,direct,1L63,NA,A,58,I,A,-3.2,-3.059
85,reverse,243L,t4 lysozyme gene,A,58,A,I,3.2,2.644
86,reverse,1G1V,gene e,A,58,T,I,3.4,2.093
86,direct,1L63,NA,A,58,I,T,-3.4,-2.945
87,direct,1L63,NA,A,59,T,A,-1.5,-1.266
87,reverse,1LYJ,NA,A,59,A,T,1.5,0.653
88,direct,1L63,NA,A,59,T,D,-1.2,-1.267
88,reverse,1LYI,NA,A,59,D,T,1.2,-0.079
89,direct,1L63,NA,A,59,T,G,-1.6,-1.587
89,reverse,1LYH,NA,A,59,G,T,1.6,0.652
90,direct,1L63,NA,A,59,T,N,-1.1,-1.378
90,reverse,1LYG,NA,A,59,N,T,1.1,-0.05
91,direct,1L63,NA,A,59,T,S,-0.2,-0.57
91,reverse,1LYF,NA,A,59,S,T,0.2,0.236
92,direct,1L63,NA,A,59,T,V,-1.5,-1.338
92,reverse,1LYE,NA,A,59,V,T,1.5,0.131
93,reverse,1D3J,gene e,A,66,M,L,1,0.664
93,direct,1L63,NA,A,66,L,M,-1,-0.819
94,direct,1L63,NA,A,67,F,A,-1.9,-2.596
94,reverse,246L,t4 lysozyme gene,A,67,A,F,1.9,2.033
95,direct,1L63,NA,A,72,D,P,-2.7,-0.74
95,reverse,1L76,NA,A,72,P,D,2.7,-0.838
96,reverse,122L,NA,A,73,S,A,0.4,0.018
96,direct,1L63,NA,A,73,A,S,-0.4,-0.125
97,reverse,127L,NA,A,75,T,V,1.3,0.504
97,direct,1L63,NA,A,75,V,T,-1.3,-0.886
98,reverse,1CTW,NA,A,78,A,I,1.2,1.382
98,direct,1L63,NA,A,78,I,A,-1.2,-2.035
99,reverse,1CU0,NA,A,78,M,I,1.5,0.397
99,direct,1L63,NA,A,78,I,M,-1.5,-0.854
100,direct,1L63,NA,A,78,I,V,-0.8,-0.419
100,reverse,1P2R,NA,A,78,V,I,0.8,0.233
101,reverse,123L,NA,A,82,S,A,0.3,-0.002
101,direct,1L63,NA,A,82,A,S,-0.3,-0.085
102,direct,1L63,NA,A,84,L,A,-2.6,-2.804
102,reverse,247L,t4 lysozyme gene,A,84,A,L,2.6,1.967
103,reverse,1CU2,NA,A,84,M,L,1.9,0.278
103,direct,1L63,NA,A,84,L,M,-1.9,-1.262
104,direct,1L63,NA,A,87,V,A,-1.7,-1.49
104,reverse,236L,t4 lysozyme gene,A,87,A,V,1.7,0.923
105,reverse,1CU3,NA,A,87,M,V,2.3,-0.372
105,direct,1L63,NA,A,87,V,M,-2.3,-1.343
106,direct,1L63,NA,A,87,V,I,-0.3,-0.497
106,reverse,1P2L,NA,A,87,I,V,0.3,0.272
107,reverse,128L,NA,A,87,T,V,1.6,0.759
107,direct,1L63,NA,A,87,V,T,-1.6,-1.44
108,reverse,1CU6,NA,A,91,A,L,3.9,2.781
108,direct,1L63,NA,A,91,L,A,-3.9,-3.278
109,reverse,1CU5,NA,A,91,M,L,0.8,1.206
109,direct,1L63,NA,A,91,L,M,-0.8,-1.571
110,reverse,1L55,NA,A,92,N,D,1.4,-0.108
110,direct,1L63,NA,A,92,D,N,-1.4,-0.123
111,direct,1L63,NA,A,93,A,S,-0.2,-0.009
111,reverse,224L,NA,A,93,S,A,0.2,-0.027
112,direct,1L63,NA,A,98,A,C,-1,-1.633
112,reverse,1QSB,NA,A,98,C,A,1,-0.676
113,direct,1L63,NA,A,98,A,L,-4.3,-1.867
113,reverse,1QS5,NA,A,98,L,A,4.3,-0.877
114,reverse,125L,NA,A,98,S,A,2.5,1.779
114,direct,1L63,NA,A,98,A,S,-2.5,-2.562
115,direct,1L63,NA,A,98,A,V,-3.2,-1.349
115,reverse,1QS9,NA,A,98,V,A,3.2,-0.304
116,direct,1L63,NA,A,99,L,A,-4.5,-3.606
116,reverse,1L90,NA,A,99,A,L,4.5,2.975
117,direct,1L63,NA,A,99,L,F,-0.3,-0.984
117,reverse,1L91,NA,A,99,F,L,0.3,0.991
118,direct,1L63,NA,A,99,L,I,-1.5,-0.798
118,reverse,1L92,NA,A,99,I,L,1.5,0.618
119,direct,1L63,NA,A,99,L,M,-0.6,-1.395
119,reverse,1L93,NA,A,99,M,L,0.6,1.144
120,direct,1L63,NA,A,99,L,V,-2,-2.155
120,reverse,1L94,NA,A,99,V,L,2,1.62
121,direct,1L63,NA,A,100,I,A,-3.4,-2.218
121,reverse,244L,t4 lysozyme gene,A,100,A,I,3.4,2.098
122,reverse,1CUP,NA,A,100,M,I,1.6,0.318
122,direct,1L63,NA,A,100,I,M,-1.6,-1.063
123,direct,1L63,NA,A,100,I,V,-0.4,-0.519
123,reverse,1P36,NA,A,100,V,I,0.4,0.224
124,reverse,1I6S,gene e,A,101,A,N,1.5,0.676
124,direct,1L63,NA,A,101,N,A,-1.5,-0.815
125,direct,1L63,NA,A,102,M,L,-1,-0.715
125,reverse,1L77,NA,A,102,L,M,1,0.439
126,direct,1L63,NA,A,103,V,A,-2.2,-0.926
126,reverse,238L,t4 lysozyme gene,A,103,A,V,2.2,0.37
127,direct,1L63,NA,A,103,V,I,-0.5,0.502
127,reverse,1P7S,NA,A,103,I,V,0.5,-0.478
128,reverse,1CUQ,NA,A,103,M,V,1.2,-0.486
128,direct,1L63,NA,A,103,V,M,-1.2,-0.477
129,reverse,1CV0,NA,A,104,M,F,0.4,0.917
129,direct,1L63,NA,A,104,F,M,-0.4,-1.157
130,reverse,1G1W,gene e,A,105,M,Q,1.2,-0.172
130,direct,1L63,NA,A,105,Q,M,-1.2,-0.03
131,direct,1L63,NA,A,106,M,I,0.2,-0.354
131,reverse,1P46,NA,A,106,I,M,-0.2,0.426
132,direct,1L63,NA,A,106,M,L,0.5,-0.013
132,reverse,234L,t4 lysozyme,A,106,L,M,-0.5,-0.04
133,direct,1L63,NA,A,106,M,K,-3.4,-1.255
133,reverse,231L,t4 lysozyme,A,106,K,M,3.4,0.9
134,reverse,1L62,NA,A,109,D,T,-0.6,-0.082
134,direct,1L63,NA,A,109,T,D,0.6,-0.023
135,reverse,1L59,NA,A,109,N,T,-0.1,-0.073
135,direct,1L63,NA,A,109,T,N,0.1,-0.027
136,direct,1L63,NA,A,111,V,A,-1.3,-1.685
136,reverse,235L,t4 lysozyme gene,A,111,A,V,1.3,1.01
137,direct,1L63,NA,A,111,V,I,-0.9,-0.477
137,reverse,2L78,NA,A,111,I,V,0.9,-0.121
138,reverse,1CV1,NA,A,111,M,V,0.7,-0.331
138,direct,1L63,NA,A,111,V,M,-0.7,-0.892
139,direct,1L63,NA,A,117,S,F,1.1,1.445
139,reverse,1TLA,NA,A,117,F,S,-1.1,-1.498
140,reverse,1CVK,gene e,A,118,A,L,3.2,1.739
140,direct,1L63,NA,A,118,L,A,-3.2,-2.437
141,reverse,1CV4,gene e,A,118,M,L,0.7,0.623
141,direct,1L63,NA,A,118,L,M,-0.7,-0.701
142,direct,1L63,NA,A,120,M,L,0.5,0.655
142,reverse,233L,t4 lysozyme,A,120,L,M,-0.5,-0.615
143,direct,1L63,NA,A,120,M,K,-1.6,-1.114
143,reverse,232L,t4 lysozyme,A,120,K,M,1.6,0.496
144,direct,1L63,NA,A,120,M,Y,-0.1,-0.935
144,reverse,1P6Y,NA,A,120,Y,M,0.1,-0.43
145,reverse,1CV3,gene e,A,121,M,L,0.8,0.573
145,direct,1L63,NA,A,121,L,M,-0.8,-0.798
146,direct,1L63,NA,A,129,A,F,-1.2,-1.703
146,reverse,1QTC,NA,A,129,F,A,1.2,0.484
147,direct,1L63,NA,A,129,A,W,-2.2,-2.271
147,reverse,1QTD,NA,A,129,W,A,2.2,0.275
148,reverse,118L,NA,A,130,S,A,-1,1.166
148,direct,1L63,NA,A,130,A,S,1,-1.473
149,direct,1L63,NA,A,133,L,F,-0.3,-0.138
149,reverse,1P64,NA,A,133,F,L,0.3,0.068
150,reverse,1CV5,gene e,A,133,M,L,0.4,-0.944
150,direct,1L63,NA,A,133,L,M,-0.4,0.351
151,reverse,119L,NA,A,134,S,A,0.1,-0.136
151,direct,1L63,NA,A,134,A,S,-0.1,-0.199
152,reverse,1L39,NA,A,144,E,N,-0.5,-0.101
152,direct,1L63,NA,A,144,N,E,0.5,-0.022
153,direct,1L63,NA,A,149,V,A,-3.2,-2.4
153,reverse,237L,t4 lysozyme gene,A,149,A,V,3.2,1.238
154,reverse,1G07,NA,A,149,C,V,2,0.074
154,direct,1L63,NA,A,149,V,C,-2,-2.866
155,reverse,1G0P,NA,A,149,G,V,4.9,1.387
155,direct,1L63,NA,A,149,V,G,-4.9,-4.241
156,reverse,1G0Q,NA,A,149,I,V,0.1,-0.747
156,direct,1L63,NA,A,149,V,I,-0.1,0.627
157,reverse,1CV6,gene e,A,149,M,V,2.8,-0.076
157,direct,1L63,NA,A,149,V,M,-2.8,-0.738
158,reverse,126L,NA,A,149,T,V,2.8,1.334
158,direct,1L63,NA,A,149,V,T,-2.8,-2.546
159,reverse,1G06,NA,A,149,S,V,4.4,1.152
159,direct,1L63,NA,A,149,V,S,-4.4,-3.154
160,reverse,1G0G,NA,A,152,A,T,1.5,0.198
160,direct,1L63,NA,A,152,T,A,-1.5,-1.117
161,reverse,1G0K,NA,A,152,C,T,0.5,-1.379
161,direct,1L63,NA,A,152,T,C,-0.5,-0.925
162,reverse,1G0M,NA,A,152,I,T,0.4,-1.795
162,direct,1L63,NA,A,152,T,I,-0.4,0.551
163,reverse,1G0J,NA,A,152,S,T,2,0.693
163,direct,1L63,NA,A,152,T,S,-2,-2.088
164,reverse,1G0L,NA,A,152,V,T,-0.2,-1.116
164,direct,1L63,NA,A,152,T,V,0.2,0.121
165,direct,1L63,NA,A,153,F,A,-3.8,-2.674
165,reverse,1L85,NA,A,153,A,F,3.8,1.067
166,direct,1L63,NA,A,153,F,I,-0.2,0.153
166,reverse,1L86,NA,A,153,I,F,0.2,0.409
167,direct,1L63,NA,A,153,F,L,0.3,0.298
167,reverse,1L87,NA,A,153,L,F,-0.3,-0.441
168,direct,1L63,NA,A,153,F,M,-0.6,0.375
168,reverse,1L88,NA,A,153,M,F,0.6,-0.329
169,direct,1L63,NA,A,153,F,V,-1.8,-0.909
169,reverse,1L95,NA,A,153,V,F,1.8,1.217
170,direct,1LZ1,NA,A,2,V,A,-1.5,-0.765
170,reverse,1OUG,human lysozyme with val 2 repl,A,2,A,V,1.5,0.149
171,reverse,1GAY,NA,A,2,G,V,1.3,0.226
171,direct,1LZ1,NA,A,2,V,G,-1.3,-0.898
172,reverse,1GF8,NA,A,2,S,V,1.4,0.234
172,direct,1LZ1,NA,A,2,V,S,-1.4,-1.137
173,reverse,1GF9,NA,A,2,Y,V,0.4,-0.049
173,direct,1LZ1,NA,A,2,V,Y,-0.4,-0.408
174,reverse,1GFA,NA,A,2,D,V,1.4,0.032
174,direct,1LZ1,NA,A,2,V,D,-1.4,-1.613
175,reverse,1GFE,NA,A,2,N,V,1.3,-0.027
175,direct,1LZ1,NA,A,2,V,N,-1.3,-1.483
176,reverse,1GFG,NA,A,2,R,V,0.4,-0.023
176,direct,1LZ1,NA,A,2,V,R,-0.4,-0.064
177,reverse,1GB0,NA,A,2,L,V,-0.3,-0.035
177,direct,1LZ1,NA,A,2,V,L,0.3,-0.182
178,reverse,1GB2,NA,A,2,M,V,0.2,0.013
178,direct,1LZ1,NA,A,2,V,M,-0.2,-0.709
179,reverse,1GB3,NA,A,2,F,V,0.8,-0.049
179,direct,1LZ1,NA,A,2,V,F,-0.8,-0.715
180,direct,1LZ1,NA,A,20,Y,F,-0.5,-0.391
180,reverse,1WQN,NA,A,20,F,Y,0.5,0.527
181,direct,1LZ1,NA,A,23,I,A,-2.5,-2.029
181,reverse,2HEB,human lysozyme with ile 23 rep,A,23,A,I,2.5,1.601
182,direct,1LZ1,NA,A,23,I,V,-0.4,-0.393
182,reverse,1YAN,human lysozyme with ile 23,A,23,V,I,0.4,-0.017
183,direct,1LZ1,NA,A,38,Y,F,-0.2,0.057
183,reverse,1WQO,NA,A,38,F,Y,0.2,-0.266
184,direct,1LZ1,NA,A,45,Y,F,0.1,-0.362
184,reverse,1WQP,NA,A,45,F,Y,-0.1,0.16
185,reverse,1LHL,NA,A,47,P,A,-0.1,-0.238
185,direct,1LZ1,NA,A,47,A,P,0.1,-0.084
186,direct,1LZ1,NA,A,54,Y,F,-1,-1.214
186,reverse,1WQQ,NA,A,54,F,Y,1,1.1
187,direct,1LZ1,NA,A,56,I,A,-3.7,-2.599
187,reverse,2HEC,human lysozyme with ile 56 rep,A,56,A,I,3.7,1.932
188,direct,1LZ1,NA,A,56,I,T,-4.3,-2.986
188,reverse,1OUA,human lysozyme with ile 56 rep,A,56,T,I,4.3,1.899
189,direct,1LZ1,NA,A,56,I,V,-1.2,-1.77
189,reverse,1YAO,human lysozyme with ile 56,A,56,V,I,1.2,1.605
190,direct,1LZ1,NA,A,59,I,A,-1.7,-3.659
190,reverse,2HED,human lysozyme with ile 59 rep,A,59,A,I,1.7,1.584
191,direct,1LZ1,NA,A,59,I,G,-3.8,-5.228
191,reverse,2HEE,human lysozyme with ile 59 rep,A,59,G,I,3.8,2.143
192,direct,1LZ1,NA,A,59,I,V,-1.1,-1.249
192,reverse,1YAP,human lysozyme with ile 59,A,59,V,I,1.1,1.048
193,direct,1LZ1,NA,A,63,Y,F,-0.2,-0.279
193,reverse,1WQR,NA,A,63,F,Y,0.2,0.148
194,reverse,1LHI,NA,A,71,G,P,1.6,-0.173
194,direct,1LZ1,NA,A,71,P,G,-1.6,-1.212
195,direct,1LZ1,NA,A,74,V,A,-0.4,-0.206
195,reverse,1OUH,human lysozyme with val 74 rep,A,74,A,V,0.4,0.144
196,reverse,1GB5,NA,A,74,G,V,0.1,-0.026
196,direct,1LZ1,NA,A,74,V,G,-0.1,-0.554
197,reverse,1GB6,NA,A,74,I,V,1.9,-0.102
197,direct,1LZ1,NA,A,74,V,I,-1.9,0.018
198,reverse,1GB7,NA,A,74,L,V,0.4,-0.106
198,direct,1LZ1,NA,A,74,V,L,-0.4,-0.118
199,reverse,1GB8,NA,A,74,M,V,0.4,-0.12
199,direct,1LZ1,NA,A,74,V,M,-0.4,-0.566
200,reverse,1GB9,NA,A,74,F,V,-0,-0.17
200,direct,1LZ1,NA,A,74,V,F,0,-0.059
201,reverse,1GFH,NA,A,74,Y,V,0.3,-0.109
201,direct,1LZ1,NA,A,74,V,Y,-0.3,-0.335
202,reverse,1GFJ,NA,A,74,D,V,0.4,-0.021
202,direct,1LZ1,NA,A,74,V,D,-0.4,-0.803
203,reverse,1GFK,NA,A,74,N,V,0.3,-0.146
203,direct,1LZ1,NA,A,74,V,N,-0.3,-0.682
204,reverse,1GFR,NA,A,74,R,V,0.1,-0.211
204,direct,1LZ1,NA,A,74,V,R,-0.1,-0.005
205,reverse,1B7S,NA,A,74,S,V,0.4,0.064
205,direct,1LZ1,NA,A,74,V,S,-0.4,-0.196
206,reverse,1HNL,NA,A,77,A,C,4.6,1.059
206,direct,1LZ1,NA,A,77,C,A,-4.6,-2.028
207,direct,1LZ1,NA,A,89,I,A,-2.7,-2.039
207,reverse,2HEF,human lysozyme with ile 89 rep,A,89,A,I,2.7,1.557
208,direct,1LZ1,NA,A,89,I,V,-0.5,-1.031
208,reverse,1YAQ,human lysozyme with ile 89,A,89,V,I,0.5,0.742
209,reverse,1LHK,NA,A,91,P,D,0.4,0.301
209,direct,1LZ1,NA,A,91,D,P,-0.4,-0.329
210,direct,1LZ1,NA,A,93,V,A,-0.7,-0.998
210,reverse,1OUI,human lysozyme with val 93 rep,A,93,A,V,0.7,1.004
211,direct,1LZ1,NA,A,99,V,A,-1,-1.808
211,reverse,1OUJ,human lysozyme with val 99 rep,A,99,A,V,1,0.67
212,direct,1LZ1,NA,A,100,V,A,-0.3,-1.26
212,reverse,1OUB,human lysozyme with val 100,A,100,A,V,0.3,1.126
213,reverse,1LHJ,NA,A,103,G,P,0.1,0.076
213,direct,1LZ1,NA,A,103,P,G,-0.1,-0.411
214,direct,1LZ1,NA,A,106,I,A,-0.9,-1.628
214,reverse,2HEA,human lysozyme with ile 106,A,106,A,I,0.9,0.993
215,direct,1LZ1,NA,A,106,I,V,-0.7,-0.533
215,reverse,1YAM,human lysozyme with ile 106,A,106,V,I,0.7,0.407
216,direct,1LZ1,NA,A,110,V,A,0.5,-0.342
216,reverse,1OUC,human lysozyme with val 110,A,110,A,V,-0.5,0.128
217,reverse,1GFU,NA,A,110,D,V,-0.2,0.116
217,direct,1LZ1,NA,A,110,V,D,0.2,-0.472
218,reverse,1GBO,NA,A,110,G,V,2.2,0.525
218,direct,1LZ1,NA,A,110,V,G,-2.2,-0.961
219,reverse,1GBW,NA,A,110,I,V,0.8,-0.12
219,direct,1LZ1,NA,A,110,V,I,-0.8,-0.065
220,reverse,1GBX,NA,A,110,L,V,-0.1,-0.074
220,direct,1LZ1,NA,A,110,V,L,0.1,-0.06
221,reverse,1GBY,NA,A,110,M,V,-0.4,-0.116
221,direct,1LZ1,NA,A,110,V,M,0.4,-0.044
222,reverse,1GFV,NA,A,110,N,V,-0.1,0.056
222,direct,1LZ1,NA,A,110,V,N,0.1,-0.486
223,reverse,1INU,NA,A,110,R,V,-0.9,-0.081
223,direct,1LZ1,NA,A,110,V,R,0.9,-0.175
224,reverse,1GBZ,NA,A,110,F,V,1.9,-0.1
224,direct,1LZ1,NA,A,110,V,F,-1.9,-0.237
225,reverse,1LHH,NA,A,110,P,V,-0.5,-0.111
225,direct,1LZ1,NA,A,110,V,P,0.5,0.136
226,reverse,1GFT,NA,A,110,Y,V,0.1,-0.129
226,direct,1LZ1,NA,A,110,V,Y,-0.1,-0.029
227,direct,1LZ1,NA,A,121,V,A,-1.4,-1.057
227,reverse,1OUD,human lysozyme with val 121,A,121,A,V,1.4,0.683
228,direct,1LZ1,NA,A,124,Y,F,-0.4,-0.25
228,reverse,1WQM,NA,A,124,F,Y,0.4,-0.068
229,direct,1LZ1,NA,A,125,V,A,-1.3,-1.898
229,reverse,1OUE,human lysozyme with val 125,A,125,A,V,1.3,0.827
230,direct,1LZ1,NA,A,130,V,A,-0.8,-2.046
230,reverse,1OUF,human lysozyme with val 130,A,130,A,V,0.8,0.118
231,reverse,1DMQ,NA,A,32,F,Y,-0.2,-1.399
231,direct,1OH0,NA,A,32,Y,F,0.2,0.534
232,reverse,1DMM,NA,A,57,F,Y,1.2,0.555
232,direct,1OH0,NA,A,57,Y,F,-1.2,-0.807
233,reverse,1RGC,NA,A,25,K,Q,-1.4,0.019
233,direct,1RN1,NA,C,25,Q,K,1.4,-0.048
234,direct,1VQB,NA,A,47,I,L,-0.4,-1.459
234,reverse,1VQG,NA,A,47,L,I,0.4,-0.592
235,direct,1VQB,NA,A,47,I,M,-1.7,-3.329
235,reverse,1VQH,NA,A,47,M,I,1.7,0.337
236,direct,1VQB,NA,A,47,I,V,-2,-1.27
236,reverse,1VQI,NA,A,47,V,I,2,0.763
237,direct,1VQB,NA,A,35,V,I,-0.6,0.124
237,reverse,1VQJ,NA,A,35,I,V,0.6,-0.306
238,direct,1VQB,NA,A,41,Y,F,-3.2,-0.155
238,reverse,1YHB,NA,A,41,F,Y,3.2,0.027
239,reverse,149L,NA,A,3,L,I,-0.7,-0.101
239,direct,2LZM,NA,A,3,I,L,0.7,-0.218
240,reverse,172L,NA,A,3,C,I,-0,0.368
240,direct,2LZM,NA,A,3,I,C,0,-1.26
241,reverse,1L96,NA,A,3,P,I,3,1.12
241,direct,2LZM,NA,A,3,I,P,-3,-4.13
242,reverse,1L18,NA,A,3,Y,I,2.3,0.838
242,direct,2LZM,NA,A,3,I,Y,-2.3,-2.277
243,reverse,1L17,NA,A,3,V,I,0.4,0.547
243,direct,2LZM,NA,A,3,I,V,-0.4,-1.03
244,reverse,150L,NA,A,6,I,M,1.4,0.09
244,direct,2LZM,NA,A,6,M,I,-1.4,-0.859
245,reverse,1L42,NA,A,16,E,K,-0.5,0.147
245,direct,2LZM,NA,A,16,K,E,0.5,-0.272
246,reverse,1L19,NA,A,38,D,S,-0.6,0.135
246,direct,2LZM,NA,A,38,S,D,0.6,-0.64
247,reverse,1L21,NA,A,55,G,N,0.6,-1.169
247,direct,2LZM,NA,A,55,N,G,-0.6,0.091
248,reverse,1L56,NA,A,60,P,K,-0,0.288
248,direct,2LZM,NA,A,60,K,P,0,-0.443
249,reverse,1L23,NA,A,77,A,G,-0.4,-1.125
249,direct,2LZM,NA,A,77,G,A,0.4,0.834
250,reverse,1L24,NA,A,82,P,A,-0.8,-0.238
250,direct,2LZM,NA,A,82,A,P,0.8,0.143
251,direct,2LZM,NA,A,85,K,A,-0.6,-0.463
251,reverse,3C81,e,A,85,A,K,0.6,0.358
252,direct,2LZM,NA,A,89,D,A,-0.5,-0.2
252,reverse,3C83,e,A,89,A,D,0.5,0.096
253,direct,2LZM,NA,A,96,R,A,-2,-0.533
253,reverse,3C7Y,e,A,96,A,R,2,0.33
254,direct,2LZM,NA,A,96,R,D,-3.5,-1.296
254,reverse,3C8Q,e,A,96,D,R,3.5,0.71
255,direct,2LZM,NA,A,96,R,M,-2.7,-0.231
255,reverse,3CDV,e,A,96,M,R,2.7,-0.008
256,direct,2LZM,NA,A,96,R,E,-2.5,-1.012
256,reverse,3C8S,e,A,96,E,R,2.5,0.749
257,direct,2LZM,NA,A,96,R,G,-2.6,-1.885
257,reverse,3C8R,e,A,96,G,R,2.6,0.972
258,direct,2LZM,NA,A,96,R,Q,-0.3,0.254
258,reverse,3CDR,e,A,96,Q,R,0.3,-0.411
259,direct,2LZM,NA,A,96,R,H,-3.1,-0.856
259,reverse,3F8V,gene e,A,96,H,R,3.1,0.07
260,direct,2LZM,NA,A,96,R,N,-3,-1.151
260,reverse,3CDT,e,A,96,N,R,3,0.482
261,direct,2LZM,NA,A,96,R,K,0,-0.281
261,reverse,3C7W,e,A,96,K,R,-0,-0.043
262,direct,2LZM,NA,A,96,R,S,-2.6,-0.846
262,reverse,3CDQ,e,A,96,S,R,2.6,0.268
263,direct,2LZM,NA,A,96,R,Y,-4.7,-0.76
263,reverse,3C80,e,A,96,Y,R,4.7,0.271
264,direct,2LZM,NA,A,96,R,V,-2.4,-0.454
264,reverse,3CDO,e,A,96,V,R,2.4,-0.245
265,direct,2LZM,NA,A,96,R,W,-4.5,-0.45
265,reverse,3FI5,gene e,A,96,W,R,4.5,-0.178
266,reverse,1L48,NA,A,98,V,A,4.9,0.381
266,direct,2LZM,NA,A,98,A,V,-4.9,-1.338
267,reverse,1L00,NA,A,105,A,Q,0.6,0.301
267,direct,2LZM,NA,A,105,Q,A,-0.6,-0.625
268,reverse,1L98,NA,A,105,E,Q,1.1,-0.019
268,direct,2LZM,NA,A,105,Q,E,-1.1,-0.739
269,reverse,1L99,NA,A,105,G,Q,1.5,0.871
269,direct,2LZM,NA,A,105,Q,G,-1.5,-2.241
270,reverse,1L60,NA,A,113,A,G,-0.3,-0.047
270,direct,2LZM,NA,A,113,G,A,0.3,-0.056
271,reverse,1L37,NA,A,115,E,T,-0.3,-0.125
271,direct,2LZM,NA,A,115,T,E,0.3,-0.15
272,reverse,1L57,NA,A,116,D,N,-0.6,0.03
272,direct,2LZM,NA,A,116,N,D,0.6,-0.136
273,reverse,1L44,NA,A,119,E,R,-0,0.075
273,direct,2LZM,NA,A,119,R,E,0,-0.203
274,reverse,1L38,NA,A,123,E,Q,-0.4,0.005
274,direct,2LZM,NA,A,123,Q,E,0.4,-0.086
275,reverse,1L22,NA,A,124,G,K,0.1,-0.86
275,direct,2LZM,NA,A,124,K,G,-0.1,0.204
276,reverse,1L33,NA,A,131,A,V,-0.3,-0.006
276,direct,2LZM,NA,A,131,V,A,0.3,-0.159
277,reverse,1DYA,NA,A,131,D,V,-0.1,-0.022
277,direct,2LZM,NA,A,131,V,D,0.1,-0.189
278,reverse,1DYB,NA,A,131,G,V,0.7,0.465
278,direct,2LZM,NA,A,131,V,G,-0.7,-0.799
279,reverse,1DYC,NA,A,131,I,V,-0.2,-0.192
279,direct,2LZM,NA,A,131,V,I,0.2,0.088
280,reverse,1DYD,NA,A,131,L,V,-0.1,-0.171
280,direct,2LZM,NA,A,131,V,L,0.1,0.057
281,reverse,1DYE,NA,A,131,S,V,0.1,0.213
281,direct,2LZM,NA,A,131,V,S,-0.1,-0.35
282,reverse,1DYF,NA,A,131,M,V,-0.1,-0.143
282,direct,2LZM,NA,A,131,V,M,0.1,-0.081
283,reverse,1DYG,NA,A,131,E,V,-0.2,-0.178
283,direct,2LZM,NA,A,131,V,E,0.2,-0.012
284,reverse,1L69,NA,A,133,A,L,4.2,1.709
284,direct,2LZM,NA,A,133,L,A,-4.2,-2.048
285,reverse,1L45,NA,A,135,E,K,1,0.097
285,direct,2LZM,NA,A,135,K,E,-1,-0.202
286,reverse,1L20,NA,A,144,D,N,-0.4,0.028
286,direct,2LZM,NA,A,144,N,D,0.4,-0.125
287,reverse,1L46,NA,A,147,E,K,0.7,-0.13
287,direct,2LZM,NA,A,147,K,E,-0.7,-0.045
288,reverse,1L53,NA,A,149,C,V,2.2,-0.476
288,direct,2LZM,NA,A,149,V,C,-2.2,-3.215
289,reverse,1L52,NA,A,152,S,T,2.6,0.549
289,direct,2LZM,NA,A,152,T,S,-2.6,-2.099
290,reverse,1L47,NA,A,154,E,R,1.1,0.209
290,direct,2LZM,NA,A,154,R,E,-1.1,-0.473
291,reverse,1L16,NA,A,156,D,G,2.3,1.046
291,direct,2LZM,NA,A,156,G,D,-2.3,-1.851
292,reverse,1L02,NA,A,157,A,T,0.5,0.429
292,direct,2LZM,NA,A,157,T,A,-0.5,-1.364
293,reverse,1L03,NA,A,157,C,T,1.3,-0.294
293,direct,2LZM,NA,A,157,T,C,-1.3,-1.263
294,reverse,1L04,NA,A,157,D,T,1.1,-0.231
294,direct,2LZM,NA,A,157,T,D,-1.1,-1.59
295,reverse,1L06,NA,A,157,E,T,0.8,-0.358
295,direct,2LZM,NA,A,157,T,E,-0.8,-0.908
296,reverse,1L07,NA,A,157,F,T,2.4,-0.32
296,direct,2LZM,NA,A,157,T,F,-2.4,-1.252
297,reverse,1L08,NA,A,157,G,T,1.1,0.035
297,direct,2LZM,NA,A,157,T,G,-1.1,-2.309
298,reverse,1L09,NA,A,157,H,T,2.1,-0.187
298,direct,2LZM,NA,A,157,T,H,-2.1,-1.318
299,reverse,1L10,NA,A,157,I,T,1.5,-0.142
299,direct,2LZM,NA,A,157,T,I,-1.5,-1.172
300,reverse,1L11,NA,A,157,L,T,1.7,0.151
300,direct,2LZM,NA,A,157,T,L,-1.7,-1.18
301,reverse,1L12,NA,A,157,N,T,1.2,-0.629
301,direct,2LZM,NA,A,157,T,N,-1.2,-1.296
302,reverse,1L13,NA,A,157,R,T,-0.3,-0.204
302,direct,2LZM,NA,A,157,T,R,0.3,-0.926
303,reverse,1L14,NA,A,157,S,T,0.7,0.456
303,direct,2LZM,NA,A,157,T,S,-0.7,-1.291
304,reverse,1L15,NA,A,157,V,T,1.2,0.02
304,direct,2LZM,NA,A,157,T,V,-1.2,-1.192
305,reverse,1RDA,NA,A,10,N,D,-0.9,0.091
305,direct,2RN2,NA,A,10,D,N,0.9,-0.385
306,reverse,1RDB,NA,A,48,Q,E,-0.2,0.345
306,direct,2RN2,NA,A,48,E,Q,0.2,-0.947
307,direct,2RN2,NA,A,52,A,F,-0.5,0.203
307,reverse,3AA5,NA,X,52,F,A,0.5,-0.617
308,direct,2RN2,NA,A,52,A,I,1.9,0.578
308,reverse,3AA2,NA,A,52,I,A,-1.9,-0.762
309,direct,2RN2,NA,A,52,A,L,1.3,0.651
309,reverse,3AA3,NA,A,52,L,A,-1.3,-0.594
310,direct,2RN2,NA,A,52,A,V,1.7,-0.308
310,reverse,3AA4,NA,A,52,V,A,-1.7,-0.328
311,reverse,1RBS,NA,A,62,A,H,-0.4,0.098
311,direct,2RN2,NA,A,62,H,A,0.4,-0.129
312,reverse,1RBR,NA,A,62,P,H,-1.1,-0.109
312,direct,2RN2,NA,A,62,H,P,1.1,0.141
313,reverse,1RDC,NA,A,70,N,D,-0.9,0.129
313,direct,2RN2,NA,A,70,D,N,0.9,-0.238
314,reverse,1LAV,NA,A,74,L,V,-1,0.172
314,direct,2RN2,NA,A,74,V,L,1,-0.172
315,reverse,1LAW,NA,A,74,I,V,-0.6,0.06
315,direct,2RN2,NA,A,74,V,I,0.6,-0.356
316,reverse,1GOB,NA,A,77,A,G,0.9,1.288
316,direct,2RN2,NA,A,77,G,A,-0.9,-1.285
317,reverse,1RBV,NA,A,95,A,K,-0.1,0.648
317,direct,2RN2,NA,A,95,K,A,0.1,-0.953
318,reverse,1RBT,NA,A,95,G,K,-1.9,-0.139
318,direct,2RN2,NA,A,95,K,G,1.9,-0.479
319,reverse,1RBU,NA,A,95,N,K,-0.9,0.221
319,direct,2RN2,NA,A,95,K,N,0.9,-0.278
320,reverse,1KVA,NA,A,134,A,D,-2.1,-0.069
320,direct,2RN2,NA,A,134,D,A,2.1,-0.177
321,reverse,1KVB,NA,A,134,H,D,-2.3,0.106
321,direct,2RN2,NA,A,134,D,H,2.3,-0.186
322,reverse,1KVC,NA,A,134,N,D,-1,0.285
322,direct,2RN2,NA,A,134,D,N,1,-0.348
323,reverse,1IOS,NA,A,12,F,M,-0.5,-0.032
323,direct,4LYZ,NA,A,12,M,F,0.5,-0.6
324,reverse,1IOT,NA,A,12,L,M,0.4,-0.715
324,direct,4LYZ,NA,A,12,M,L,-0.4,0.36
325,reverse,1HER,NA,A,40,S,T,0.3,1.321
325,direct,4LYZ,NA,A,40,T,S,-0.3,-1.648
326,reverse,1FN5,NA,A,49,A,G,0.7,1.052
326,direct,4LYZ,NA,A,49,G,A,-0.7,-1.355
327,reverse,1HEO,NA,A,55,V,I,0.9,1.843
327,direct,4LYZ,NA,A,55,I,V,-0.9,-1.72
328,reverse,1IR8,NA,A,58,M,I,1.2,-0.246
328,direct,4LYZ,NA,A,58,I,M,-1.2,-0.908
329,reverse,1FLU,NA,A,67,A,G,0.5,0.498
329,direct,4LYZ,NA,A,67,G,A,-0.5,-0.762
330,reverse,1FLW,NA,A,71,A,G,2.1,0.369
330,direct,4LYZ,NA,A,71,G,A,-2.1,-0.251
331,reverse,1IR7,NA,A,78,M,I,0.9,-0.318
331,direct,4LYZ,NA,A,78,I,M,-0.9,-0.557
332,reverse,1LSN,NA,A,91,A,S,0.2,-0.168
332,direct,4LYZ,NA,A,91,S,A,-0.2,0.102
333,reverse,1HEM,NA,A,91,T,S,-1,-0.085
333,direct,4LYZ,NA,A,91,S,T,1,-0.025
334,reverse,1IR9,NA,A,98,M,I,0.9,1.215
334,direct,4LYZ,NA,A,98,I,M,-0.9,-1.32
335,reverse,1FLY,NA,A,102,A,G,1.2,-0.113
335,direct,4LYZ,NA,A,102,G,A,-1.2,-0.666
336,reverse,1FLQ,NA,A,117,A,G,0.8,0.174
336,direct,4LYZ,NA,A,117,G,A,-0.8,-0.931
337,reverse,1BTI,NA,A,22,A,F,1.2,1.317
337,direct,5PTI,NA,A,22,F,A,-1.2,-1.718
338,reverse,1BPT,NA,A,23,A,Y,5.9,3.139
338,direct,5PTI,NA,A,23,Y,A,-5.9,-3.716
339,direct,5PTI,NA,A,35,Y,G,-5,-4.159
339,reverse,8PTI,NA,A,35,G,Y,5,0.16
340,reverse,1NAG,NA,A,43,G,N,5.7,1.578
340,direct,5PTI,NA,A,43,N,G,-5.7,-2.965
341,reverse,1FAN,NA,A,45,A,F,6.9,1.922
341,direct,5PTI,NA,A,45,F,A,-6.9,-3.451
