PDB,Chain,Predicted,Number,Wild,Mutated
107L,A,0.009,44,G,S
108L,A,-0.465,44,I,S
109L,A,-0.46,44,K,S
110L,A,-0.029,44,L,S
111L,A,0.157,44,N,S
112L,A,0.178,44,P,S
113L,A,-0.49,44,R,S
114L,A,-0.142,44,T,S
115L,A,0.161,44,V,S
118L,A,1.03,130,S,A
119L,A,0.257,134,S,A
120L,A,0.675,41,S,A
122L,A,0.245,73,S,A
123L,A,0.018,82,S,A
125L,A,2.117,98,S,A
126L,A,1.513,149,T,V
127L,A,0.27,75,T,V
128L,A,0.354,87,T,V
137L,A,-0.054,44,F,S
149L,A,-0.49,3,L,I
150L,A,1.164,6,I,M
172L,A,1.125,3,C,I
1AMQ,A,0.8,191,C,F
1AMQ,A,-0.149,191,C,S
1AMQ,A,1.222,191,C,W
1AMQ,A,1.21,191,C,Y
1B7S,A,0.123,74,S,V
1BAN,A,1.013,91,A,S
1BAO,A,0.608,78,F,Y
1BNI,A,-0.108,7,F,L
1BNI,A,-1.831,51,I,V
1BNI,A,-3.334,76,I,A
1BNI,A,-1.76,76,I,V
1BNI,A,-2.033,88,I,A
1BNI,A,-1.409,88,I,V
1BNI,A,-3.075,96,I,A
1BNI,A,-2.044,96,I,V
1BNI,A,-1.84,14,L,A
1BNI,A,-1.109,89,L,V
1BNI,A,0.745,91,S,A
1BNI,A,-0.105,26,T,A
1BNI,A,1.007,78,Y,F
1BNS,A,0.733,26,A,T
1BPT,A,1.028,23,A,Y
1BRG,A,0.717,7,L,F
1BRH,A,1.67,14,A,L
1BRI,A,1.259,76,A,I
1BRJ,A,1.557,88,A,I
1BRK,A,1.974,96,A,I
1BSA,A,0.841,51,V,I
1BSB,A,0.459,76,V,I
1BSC,A,1.216,88,V,I
1BSD,A,0.03,96,V,I
1BSE,A,0.433,89,V,L
1BTI,A,0.996,22,A,F
1CEY,A,0.623,12,D,A
1CEY,A,0.058,13,D,A
1CEY,A,1.185,57,D,A
1CTW,A,0.641,78,A,I
1CU0,A,-0.345,78,M,I
1CU2,A,-0.502,84,M,L
1CU3,A,-0.268,87,M,V
1CU5,A,0.8,91,M,L
1CU6,A,1.506,91,A,L
1CUP,A,-0.282,100,M,I
1CUQ,A,-1.363,103,M,V
1CV0,A,1.171,104,M,F
1CV1,A,-1.19,111,M,V
1CV3,A,0.705,121,M,L
1CV4,A,0.904,118,M,L
1CV5,A,1.058,133,M,L
1CV6,A,-0.996,149,M,V
1CVK,A,1.796,118,A,L
1D2W,A,0.393,27,M,I
1D2Y,A,-0.427,50,M,I
1D3J,A,-0.503,66,M,L
1DMM,A,0.555,57,F,Y
1DMQ,A,-0.579,32,F,Y
1DYA,A,-0.512,131,D,V
1DYB,A,0.355,131,G,V
1DYC,A,-0.107,131,I,V
1DYD,A,-0.25,131,L,V
1DYE,A,-0.246,131,S,V
1DYF,A,-0.275,131,M,V
1DYG,A,-0.386,131,E,V
1E6K,A,-1.666,12,A,D
1E6L,A,0.125,13,A,D
1E6M,A,-0.592,57,A,D
1EY0,A,-0.695,72,I,L
1EY0,A,-1.143,72,I,V
1EY0,A,-1.458,92,I,V
1EY0,A,0.743,116,K,G
1EY0,A,-0.355,25,L,I
1EY0,A,-0.326,117,P,A
1EY0,A,0.071,117,P,G
1EY0,A,0.401,117,P,T
1EY0,A,-0.005,128,S,A
1EY0,A,0.628,59,S,A
1EY0,A,-0.554,120,T,C
1EY0,A,-0.625,120,T,S
1EY0,A,-0.297,120,T,V
1EY0,A,0.383,22,T,C
1EY0,A,0.239,22,T,V
1EY0,A,0.623,33,T,V
1EY0,A,0.425,41,T,C
1EY0,A,1.8,41,T,I
1EY0,A,-0.637,41,T,S
1EY0,A,0.042,41,T,V
1EY0,A,-0.031,44,T,V
1EY0,A,-1.397,62,T,S
1EY0,A,0.424,62,T,V
1EY0,A,-0.041,82,T,S
1EY0,A,-0.079,23,V,L
1EY0,A,0.245,66,V,I
1EY0,A,-0.809,66,V,K
1EY0,A,0.685,66,V,L
1EY4,A,0.232,59,A,S
1EY5,A,-0.232,33,V,T
1EY6,A,-1.794,41,I,T
1EY7,A,-0.844,128,A,S
1FAN,A,1.243,45,A,F
1FLQ,A,1.419,117,A,G
1FLU,A,0.53,67,A,G
1FLW,A,0.625,71,A,G
1FLY,A,0.094,102,A,G
1FN5,A,1.691,49,A,G
1G06,A,0.72,149,S,V
1G07,A,-0.421,149,C,V
1G0G,A,-0.584,152,A,T
1G0J,A,0.423,152,S,T
1G0K,A,-0.121,152,C,T
1G0L,A,-1.467,152,V,T
1G0M,A,-2.109,152,I,T
1G0P,A,2.477,149,G,V
1G0Q,A,-1.49,149,I,V
1G1V,A,1.793,58,T,I
1G1W,A,-0.242,105,M,Q
1GAY,A,0.313,2,G,V
1GB0,A,0.012,2,L,V
1GB2,A,0.405,2,M,V
1GB3,A,-0.459,2,F,V
1GB5,A,0.495,74,G,V
1GB6,A,-0.577,74,I,V
1GB7,A,-0.448,74,L,V
1GB8,A,-0.247,74,M,V
1GB9,A,-0.335,74,F,V
1GBO,A,0.261,110,G,V
1GBW,A,0.011,110,I,V
1GBX,A,-0.008,110,L,V
1GBY,A,0.061,110,M,V
1GBZ,A,-0.371,110,F,V
1GF8,A,0.215,2,S,V
1GF9,A,-0.484,2,Y,V
1GFA,A,0.573,2,D,V
1GFE,A,-0.22,2,N,V
1GFG,A,0.197,2,R,V
1GFH,A,-0.141,74,Y,V
1GFJ,A,0.56,74,D,V
1GFK,A,-0.11,74,N,V
1GFR,A,-0.296,74,R,V
1GFT,A,-0.475,110,Y,V
1GFU,A,0.591,110,D,V
1GFV,A,0.126,110,N,V
1GOB,A,-0.537,77,A,G
1HEM,A,-0.329,91,T,S
1HEO,A,0.469,55,V,I
1HER,A,0.504,40,S,T
1HIB,A,-1.01,9,G,T
1HNL,A,-0.277,77,A,C
1I6S,A,-1.686,101,A,N
1IHB,A,-0.348,71,F,N
1IHB,A,-0.164,82,F,Q
1IHB,A,-0.805,92,F,N
1INU,A,0.376,110,R,V
1IOB,A,-0.987,9,T,G
1IOS,A,-0.676,12,F,M
1IOT,A,0.209,12,L,M
1IR7,A,0.198,78,M,I
1IR8,A,0.019,58,M,I
1IR9,A,0.057,98,M,I
1KAB,A,-0.646,116,G,K
1KVA,A,0.258,134,A,D
1KVB,A,-0.524,134,H,D
1KVC,A,-0.568,134,N,D
1L00,A,0.08,105,A,Q
1L02,A,-0.023,157,A,T
1L03,A,0.234,157,C,T
1L04,A,-0.806,157,D,T
1L06,A,0.082,157,E,T
1L07,A,-0.557,157,F,T
1L08,A,-0.184,157,G,T
1L09,A,0.734,157,H,T
1L10,A,-0.184,157,I,T
1L11,A,0.226,157,L,T
1L12,A,-0.13,157,N,T
1L13,A,0.191,157,R,T
1L14,A,0.269,157,S,T
1L15,A,-0.076,157,V,T
1L16,A,-0.676,156,D,G
1L17,A,1.256,3,V,I
1L18,A,0.754,3,Y,I
1L19,A,0.282,38,D,S
1L20,A,-0.245,144,D,N
1L21,A,-0.535,55,G,N
1L22,A,-0.216,124,G,K
1L23,A,-1.035,77,A,G
1L24,A,-0.152,82,P,A
1L33,A,0.006,131,A,V
1L37,A,-0.528,115,E,T
1L38,A,-0.864,123,E,Q
1L39,A,-0.036,144,E,N
1L42,A,-0.198,16,E,K
1L44,A,0.022,119,E,R
1L45,A,0.499,135,E,K
1L46,A,-0.839,147,E,K
1L47,A,-0.15,154,E,R
1L48,A,-0.286,98,V,A
1L52,A,0.457,152,S,T
1L53,A,-0.792,149,C,V
1L55,A,-0.311,92,N,D
1L56,A,0.054,60,P,K
1L57,A,0.194,116,D,N
1L59,A,-0.327,109,N,T
1L60,A,-0.062,113,A,G
1L61,A,-0.039,38,N,S
1L62,A,0.651,109,D,T
1L63,A,-0.92,129,A,F
1L63,A,-0.857,129,A,W
1L63,A,-0.491,130,A,S
1L63,A,-0.89,134,A,S
1L63,A,0.374,41,A,S
1L63,A,-0.08,42,A,S
1L63,A,0.513,42,A,V
1L63,A,-0.208,49,A,S
1L63,A,-0.157,73,A,S
1L63,A,-0.182,82,A,S
1L63,A,-0.431,93,A,S
1L63,A,0.352,98,A,C
1L63,A,0.477,98,A,L
1L63,A,-1.312,98,A,S
1L63,A,0.338,98,A,V
1L63,A,-0.714,20,D,A
1L63,A,-0.392,20,D,N
1L63,A,-0.24,20,D,S
1L63,A,0.068,47,D,A
1L63,A,-0.43,72,D,P
1L63,A,-0.114,92,D,N
1L63,A,0.588,11,E,H
1L63,A,-0.207,11,E,N
1L63,A,-1.433,104,F,M
1L63,A,-0.603,153,F,A
1L63,A,0.326,153,F,I
1L63,A,-0.05,153,F,L
1L63,A,0.387,153,F,M
1L63,A,-0.588,153,F,V
1L63,A,-2.396,67,F,A
1L63,A,-3.327,100,I,A
1L63,A,-0.051,100,I,M
1L63,A,-2.22,100,I,V
1L63,A,-2.123,17,I,A
1L63,A,-1.73,27,I,A
1L63,A,0.102,27,I,M
1L63,A,-2.262,29,I,A
1L63,A,-2.018,50,I,A
1L63,A,0.173,50,I,M
1L63,A,-1.643,58,I,A
1L63,A,-1.573,58,I,T
1L63,A,-3.45,78,I,A
1L63,A,0.236,78,I,M
1L63,A,-2.211,78,I,V
1L63,A,-0.579,43,K,A
1L63,A,-2.242,118,L,A
1L63,A,-0.576,118,L,M
1L63,A,-0.545,121,L,M
1L63,A,0.445,133,L,F
1L63,A,-0.229,133,L,M
1L63,A,-3.027,46,L,A
1L63,A,0.573,66,L,M
1L63,A,-3.35,84,L,A
1L63,A,-0.067,84,L,M
1L63,A,-1.404,91,L,A
1L63,A,0.185,91,L,M
1L63,A,-2.407,99,L,A
1L63,A,-0.622,99,L,F
1L63,A,-0.109,99,L,I
1L63,A,-0.54,99,L,M
1L63,A,-1.109,99,L,V
1L63,A,0.891,102,M,L
1L63,A,-0.074,106,M,I
1L63,A,0.03,106,M,K
1L63,A,-0.524,106,M,L
1L63,A,0.759,120,M,K
1L63,A,0.099,120,M,L
1L63,A,1.048,120,M,Y
1L63,A,-0.961,6,M,A
1L63,A,0.281,6,M,L
1L63,A,1.018,101,N,A
1L63,A,0.396,144,N,E
1L63,A,0.615,105,Q,M
1L63,A,-0.47,117,S,F
1L63,A,0.049,38,S,N
1L63,A,-0.128,44,S,A
1L63,A,0.362,44,S,E
1L63,A,0.448,44,S,F
1L63,A,0.116,44,S,G
1L63,A,0.343,44,S,I
1L63,A,0.305,44,S,K
1L63,A,0.307,44,S,L
1L63,A,0.054,44,S,N
1L63,A,0.163,44,S,P
1L63,A,0.098,44,S,R
1L63,A,0.077,44,S,T
1L63,A,0.283,44,S,V
1L63,A,0.169,109,T,D
1L63,A,-0.049,109,T,N
1L63,A,1.082,152,T,A
1L63,A,-0.191,152,T,C
1L63,A,1.266,152,T,I
1L63,A,-0.464,152,T,S
1L63,A,0.775,152,T,V
1L63,A,-0.017,59,T,A
1L63,A,0.122,59,T,D
1L63,A,0.501,59,T,G
1L63,A,-0.008,59,T,N
1L63,A,0.444,59,T,S
1L63,A,-0.039,59,T,V
1L63,A,-2.039,103,V,A
1L63,A,0.843,103,V,I
1L63,A,0.652,103,V,M
1L63,A,-1.072,111,V,A
1L63,A,0.326,111,V,I
1L63,A,0.049,111,V,M
1L63,A,-1.521,149,V,A
1L63,A,-0.65,149,V,C
1L63,A,-2.209,149,V,G
1L63,A,0.624,149,V,I
1L63,A,-0.694,149,V,M
1L63,A,-1.898,149,V,S
1L63,A,-0.003,149,V,T
1L63,A,-0.277,75,V,T
1L63,A,-0.95,87,V,A
1L63,A,0.585,87,V,I
1L63,A,0.665,87,V,M
1L63,A,-1.447,87,V,T
1L65,A,1.261,47,A,D
1L66,A,0.793,43,A,K
1L67,A,0.994,46,A,L
1L68,A,-0.771,44,A,S
1L69,A,2.296,133,A,L
1L76,A,0.684,72,P,D
1L77,A,0.668,102,L,M
1L85,A,0.784,153,A,F
1L86,A,-0.32,153,I,F
1L87,A,-0.42,153,L,F
1L88,A,0.796,153,M,F
1L90,A,1.987,99,A,L
1L91,A,-0.425,99,F,L
1L92,A,0.124,99,I,L
1L93,A,0.237,99,M,L
1L94,A,1,99,V,L
1L95,A,-0.788,153,V,F
1L96,A,1.621,3,P,I
1L98,A,-0.073,105,E,Q
1L99,A,0.608,105,G,Q
1LAV,A,-0.243,74,L,V
1LAW,A,-0.567,74,I,V
1LHH,A,0.811,110,P,V
1LHI,A,-1.587,71,G,P
1LHJ,A,-1.285,103,G,P
1LHK,A,0.873,91,P,D
1LHL,A,0.049,47,P,A
1LSN,A,-1.896,91,A,S
1LYE,A,0.471,59,V,T
1LYF,A,0.246,59,S,T
1LYG,A,0.085,59,N,T
1LYH,A,-0.102,59,G,T
1LYI,A,0.149,59,D,T
1LYJ,A,0.692,59,A,T
1LZ1,A,0.4,47,A,P
1LZ1,A,-1.988,77,C,A
1LZ1,A,0.306,91,D,P
1LZ1,A,-2.275,106,I,A
1LZ1,A,-0.378,106,I,V
1LZ1,A,-2.314,23,I,A
1LZ1,A,-0.639,23,I,V
1LZ1,A,-3.59,56,I,A
1LZ1,A,-3.162,56,I,T
1LZ1,A,-1.274,56,I,V
1LZ1,A,-1.977,59,I,A
1LZ1,A,-3.346,59,I,G
1LZ1,A,-0.825,59,I,V
1LZ1,A,-2.04,89,I,A
1LZ1,A,-1.552,89,I,V
1LZ1,A,0.472,103,P,G
1LZ1,A,-0.531,71,P,G
1LZ1,A,-0.782,100,V,A
1LZ1,A,0.339,110,V,A
1LZ1,A,0.117,110,V,D
1LZ1,A,0.171,110,V,F
1LZ1,A,0.336,110,V,G
1LZ1,A,-0.022,110,V,I
1LZ1,A,0.031,110,V,L
1LZ1,A,0.267,110,V,M
1LZ1,A,0.004,110,V,N
1LZ1,A,-0.07,110,V,P
1LZ1,A,0.875,110,V,R
1LZ1,A,0.142,110,V,Y
1LZ1,A,-1.094,121,V,A
1LZ1,A,-1.071,125,V,A
1LZ1,A,-0.199,130,V,A
1LZ1,A,-0.26,2,V,A
1LZ1,A,-0.212,2,V,D
1LZ1,A,0.394,2,V,F
1LZ1,A,-0.286,2,V,G
1LZ1,A,-0.209,2,V,L
1LZ1,A,-0.099,2,V,M
1LZ1,A,-0.24,2,V,N
1LZ1,A,-0.193,2,V,R
1LZ1,A,-0.21,2,V,S
1LZ1,A,0.499,2,V,Y
1LZ1,A,-0.134,74,V,A
1LZ1,A,0.286,74,V,D
1LZ1,A,0.324,74,V,F
1LZ1,A,-0.502,74,V,G
1LZ1,A,0.124,74,V,I
1LZ1,A,0.148,74,V,L
1LZ1,A,-0.268,74,V,M
1LZ1,A,0.208,74,V,N
1LZ1,A,0.052,74,V,R
1LZ1,A,-0.175,74,V,S
1LZ1,A,-0.32,74,V,Y
1LZ1,A,-0.878,93,V,A
1LZ1,A,-0.995,99,V,A
1LZ1,A,-0.219,124,Y,F
1LZ1,A,-0.179,20,Y,F
1LZ1,A,-0.082,38,Y,F
1LZ1,A,0.109,45,Y,F
1LZ1,A,0.253,54,Y,F
1LZ1,A,0.566,63,Y,F
1MX2,A,1.567,71,N,F
1MX4,A,1.009,82,Q,F
1MX6,A,1.406,92,N,F
1NAG,A,1.228,43,G,N
1OH0,A,-0.65,32,Y,F
1OH0,A,0.297,57,Y,F
1OUA,A,0.365,56,T,I
1OUB,A,1.088,100,A,V
1OUC,A,-0.291,110,A,V
1OUD,A,0.665,121,A,V
1OUE,A,0.768,125,A,V
1OUF,A,0.409,130,A,V
1OUG,A,0.702,2,A,V
1OUH,A,0.024,74,A,V
1OUI,A,0.008,93,A,V
1OUJ,A,0.568,99,A,V
1P2L,A,-0.214,87,I,V
1P2R,A,0.374,78,V,I
1P36,A,-0.517,100,V,I
1P46,A,0.354,106,I,M
1P64,A,0.337,133,F,L
1P6Y,A,-0.517,120,Y,M
1P7S,A,-1.603,103,I,V
1QIR,A,-0.922,191,Y,C
1QIS,A,-0.727,191,F,C
1QIT,A,-0.558,191,W,C
1QS5,A,-2,98,L,A
1QS9,A,-1.408,98,V,A
1QSB,A,-0.1,98,C,A
1QT6,A,0.302,11,H,E
1QT7,A,0.565,11,N,E
1QTB,A,0.439,42,V,A
1QTC,A,-3.061,129,F,A
1QTD,A,-2.932,129,W,A
1RBR,A,1.257,62,P,H
1RBS,A,1.016,62,A,H
1RBT,A,-1.363,95,G,K
1RBU,A,-0.327,95,N,K
1RBV,A,0.108,95,A,K
1RDA,A,-0.886,10,N,D
1RDB,A,-0.349,48,Q,E
1RDC,A,-0.384,70,N,D
1RGC,A,-0.458,25,K,Q
1RN1,C,0.068,25,Q,K
1SYC,A,-1.797,117,G,P
1SYE,A,-0.368,117,T,P
1SYG,A,-0.328,117,A,P
1TLA,A,-3.023,117,F,S
1VQB,A,0.829,47,I,L
1VQB,A,0.562,47,I,M
1VQB,A,-0.868,47,I,V
1VQB,A,0.296,35,V,I
1VQB,A,0.247,41,Y,F
1VQG,A,0.442,47,L,I
1VQH,A,0.093,47,M,I
1VQI,A,0.996,47,V,I
1VQJ,A,-0.772,35,I,V
1WQM,A,0.462,124,F,Y
1WQN,A,0.116,20,F,Y
1WQO,A,-0.338,38,F,Y
1WQP,A,-0.031,45,F,Y
1WQQ,A,0.698,54,F,Y
1WQR,A,0.179,63,F,Y
1YAM,A,0.697,106,V,I
1YAN,A,1.109,23,V,I
1YAO,A,0.813,56,V,I
1YAP,A,0.46,59,V,I
1YAQ,A,1.19,89,V,I
1YHB,A,-0.658,41,F,Y
206L,A,0.942,42,S,A
217L,A,-0.287,44,E,S
221L,A,0.428,49,S,A
224L,A,0.637,93,S,A
230L,A,0.882,6,L,M
231L,A,-0.489,106,K,M
232L,A,-0.046,120,K,M
233L,A,-0.759,120,L,M
234L,A,0.177,106,L,M
235L,A,0.499,111,A,V
236L,A,0.394,87,A,V
237L,A,0.55,149,A,V
238L,A,0.344,103,A,V
239L,A,1.532,17,A,I
240L,A,0.914,27,A,I
241L,A,1.317,29,A,I
242L,A,0.43,50,A,I
243L,A,1.913,58,A,I
244L,A,1.169,100,A,I
245L,A,0.66,6,A,M
246L,A,0.38,67,A,F
247L,A,1.842,84,A,L
253L,A,-0.054,20,A,D
254L,A,0.176,20,S,D
255L,A,-0.309,20,N,D
2EXZ,A,-0.597,22,C,T
2EY1,A,-1.262,22,V,T
2EY2,A,0.446,41,C,T
2EY5,A,0.136,41,S,T
2EY6,A,-1.194,41,V,T
2EYF,A,-0.62,44,V,T
2EYH,A,-0.328,62,S,T
2EYJ,A,-1.159,62,V,T
2EYL,A,-0.015,82,S,T
2EYM,A,-0.843,120,C,T
2EYO,A,0.208,120,S,T
2EYP,A,-0.484,120,V,T
2F0D,A,0.558,92,V,I
2F0E,A,-0.476,23,L,V
2F0F,A,-0.559,25,I,L
2F0G,A,-1.046,66,I,V
2F0H,A,-1.683,66,L,V
2F0I,A,0.116,72,L,I
2F0J,A,0.749,72,V,I
2HEA,A,1.728,106,A,I
2HEB,A,1.146,23,A,I
2HEC,A,0.45,56,A,I
2HED,A,1.69,59,A,I
2HEE,A,2.657,59,G,I
2HEF,A,0.737,89,A,I
2L78,A,-0.301,111,I,V
2LZM,A,0.003,82,A,P
2LZM,A,0.683,98,A,V
2LZM,A,-0.366,89,D,A
2LZM,A,-0.084,113,G,A
2LZM,A,-0.115,156,G,D
2LZM,A,0.203,77,G,A
2LZM,A,-0.677,3,I,C
2LZM,A,0.887,3,I,L
2LZM,A,-0.597,3,I,P
2LZM,A,0.129,3,I,V
2LZM,A,-0.674,3,I,Y
2LZM,A,-0.298,124,K,G
2LZM,A,-0.266,135,K,E
2LZM,A,-0.101,147,K,E
2LZM,A,0.05,16,K,E
2LZM,A,-0.847,60,K,P
2LZM,A,-0.685,85,K,A
2LZM,A,-2.87,133,L,A
2LZM,A,-0.464,6,M,I
2LZM,A,0.219,116,N,D
2LZM,A,0.381,144,N,D
2LZM,A,-0.009,55,N,G
2LZM,A,-0.529,105,Q,A
2LZM,A,0.468,105,Q,E
2LZM,A,-0.96,105,Q,G
2LZM,A,0.089,123,Q,E
2LZM,A,-0.112,119,R,E
2LZM,A,-0.473,154,R,E
2LZM,A,-1.122,96,R,A
2LZM,A,-0.207,96,R,D
2LZM,A,-0.213,96,R,E
2LZM,A,-1.715,96,R,G
2LZM,A,-0.677,96,R,H
2LZM,A,-0.65,96,R,K
2LZM,A,-0.169,96,R,M
2LZM,A,-1.331,96,R,N
2LZM,A,-1.112,96,R,Q
2LZM,A,-1.851,96,R,S
2LZM,A,-0.246,96,R,V
2LZM,A,-0.117,96,R,W
2LZM,A,-0.25,96,R,Y
2LZM,A,0.037,38,S,D
2LZM,A,0.253,115,T,E
2LZM,A,-0.287,152,T,S
2LZM,A,-0.472,157,T,A
2LZM,A,-0.746,157,T,C
2LZM,A,-0.708,157,T,D
2LZM,A,-0.596,157,T,E
2LZM,A,-1.011,157,T,F
2LZM,A,-0.583,157,T,G
2LZM,A,-1.487,157,T,H
2LZM,A,-0.282,157,T,I
2LZM,A,-0.579,157,T,L
2LZM,A,-0.764,157,T,N
2LZM,A,-0.366,157,T,R
2LZM,A,0.03,157,T,S
2LZM,A,-0.909,157,T,V
2LZM,A,0.366,131,V,A
2LZM,A,0.115,131,V,D
2LZM,A,0.096,131,V,E
2LZM,A,0.073,131,V,G
2LZM,A,0.042,131,V,I
2LZM,A,-0.036,131,V,L
2LZM,A,-0.012,131,V,M
2LZM,A,-0.186,131,V,S
2LZM,A,-0.584,149,V,C
2RN2,A,0.05,52,A,F
2RN2,A,1.126,52,A,I
2RN2,A,1.202,52,A,L
2RN2,A,0.77,52,A,V
2RN2,A,1.224,10,D,N
2RN2,A,0.375,134,D,A
2RN2,A,0.624,134,D,H
2RN2,A,0.581,134,D,N
2RN2,A,0.406,70,D,N
2RN2,A,0.339,48,E,Q
2RN2,A,0.25,77,G,A
2RN2,A,0.571,62,H,A
2RN2,A,0.462,62,H,P
2RN2,A,-0.129,95,K,A
2RN2,A,0.854,95,K,G
2RN2,A,0.396,95,K,N
2RN2,A,1.549,74,V,I
2RN2,A,1.59,74,V,L
2SNM,A,0.318,66,K,V
3AA2,A,-2.393,52,I,A
3AA3,A,-2.196,52,L,A
3AA4,A,1.674,52,V,A
3AA5,X,-1.63,52,F,A
3C7W,A,-0.368,96,K,R
3C7Y,A,0.548,96,A,R
3C80,A,-0.58,96,Y,R
3C81,A,1.496,85,A,K
3C83,A,0.764,89,A,D
3C8Q,A,0.533,96,D,R
3C8R,A,0.475,96,G,R
3C8S,A,1.513,96,E,R
3CDO,A,0.586,96,V,R
3CDQ,A,2.099,96,S,R
3CDR,A,1.087,96,Q,R
3CDT,A,0.93,96,N,R
3CDV,A,1.048,96,M,R
3F8V,A,-0.818,96,H,R
3FI5,A,-1.89,96,W,R
4LYZ,A,-1.002,102,G,A
4LYZ,A,-1.473,117,G,A
4LYZ,A,-0.191,49,G,A
4LYZ,A,-1.165,67,G,A
4LYZ,A,0.266,71,G,A
4LYZ,A,-1.234,55,I,V
4LYZ,A,0.536,58,I,M
4LYZ,A,-0.687,78,I,M
4LYZ,A,0.807,98,I,M
4LYZ,A,0.832,12,M,F
4LYZ,A,0.482,12,M,L
4LYZ,A,1.401,91,S,A
4LYZ,A,0.431,91,S,T
4LYZ,A,0.047,40,T,S
5EAA,A,1.315,191,S,C
5PTI,A,0.863,22,F,A
5PTI,A,1.517,45,F,A
5PTI,A,-0.254,43,N,G
5PTI,A,0.82,23,Y,A
5PTI,A,0.609,35,Y,G
8PTI,A,1.082,35,G,Y
