Mut_index,Direction,Chain,Number,PDB,Wild,Mutated,exp_ddG
0,direct,A,191,1amq,CYS,TYR,-2.3
0,reverse,A,191,1qir,TYR,CYS,NA
1,direct,A,191,1amq,CYS,PHE,-1.6
1,reverse,A,191,1qis,PHE,CYS,NA
2,direct,A,191,1amq,CYS,TRP,-3.9
2,reverse,A,191,1qit,TRP,CYS,NA
3,direct,A,191,1amq,CYS,SER,-1.9
3,reverse,A,191,5eaa,SER,CYS,NA
4,direct,A,7,1bni,PHE,LEU,-4.1
4,reverse,A,7,1brg,LEU,PHE,NA
5,direct,A,14,1bni,LEU,ALA,-4.5
5,reverse,A,14,1brh,ALA,LEU,NA
6,direct,A,26,1bni,THR,ALA,-1.7
6,reverse,A,26,1bns,ALA,THR,NA
7,direct,A,51,1bni,ILE,VAL,-1.1
7,reverse,A,51,1bsa,VAL,ILE,NA
8,direct,A,76,1bni,ILE,ALA,-1.7
8,reverse,A,76,1bri,ALA,ILE,NA
9,direct,A,76,1bni,ILE,VAL,-1
9,reverse,A,76,1bsb,VAL,ILE,NA
10,direct,A,78,1bni,TYR,PHE,-1.1
10,reverse,A,78,1bao,PHE,TYR,NA
11,direct,A,88,1bni,ILE,ALA,-4
11,reverse,A,88,1brj,ALA,ILE,NA
12,direct,A,88,1bni,ILE,VAL,-1.6
12,reverse,A,88,1bsc,VAL,ILE,NA
13,direct,A,89,1bni,LEU,VAL,-0.5
13,reverse,A,89,1bse,VAL,LEU,NA
14,direct,A,91,1bni,SER,ALA,-2.4
14,reverse,A,91,1ban,ALA,SER,NA
15,direct,A,96,1bni,ILE,ALA,-3.2
15,reverse,A,96,1brk,ALA,ILE,NA
16,direct,A,96,1bni,ILE,VAL,-3.1
16,reverse,A,96,1bsd,VAL,ILE,NA
17,direct,A,12,1cey,ASP,ALA,2.5
17,reverse,A,12,1e6k,ALA,ASP,NA
18,direct,A,13,1cey,ASP,ALA,2.7
18,reverse,A,13,1e6l,ALA,ASP,NA
19,direct,A,57,1cey,ASP,ALA,3.3
19,reverse,A,57,1e6m,ALA,ASP,NA
20,direct,A,22,1ey0,THR,CYS,-0.9
20,reverse,A,22,2exz,CYS,THR,NA
21,direct,A,22,1ey0,THR,VAL,-0.9
21,reverse,A,22,2ey1,VAL,THR,NA
22,direct,A,23,1ey0,VAL,LEU,-0.1
22,reverse,A,23,2f0e,LEU,VAL,NA
23,direct,A,25,1ey0,LEU,ILE,-1.7
23,reverse,A,25,2f0f,ILE,LEU,NA
24,direct,A,33,1ey0,THR,VAL,0.4
24,reverse,A,33,1ey5,VAL,THR,NA
25,direct,A,41,1ey0,THR,CYS,0.6
25,reverse,A,41,2ey2,CYS,THR,NA
26,direct,A,41,1ey0,THR,ILE,0.7
26,reverse,A,41,1ey6,ILE,THR,NA
27,direct,A,41,1ey0,THR,SER,-1.1
27,reverse,A,41,2ey5,SER,THR,NA
28,direct,A,41,1ey0,THR,VAL,0.8
28,reverse,A,41,2ey6,VAL,THR,NA
29,direct,A,44,1ey0,THR,VAL,0.1
29,reverse,A,44,2eyf,VAL,THR,NA
30,direct,A,59,1ey0,SER,ALA,0.5
30,reverse,A,59,1ey4,ALA,SER,NA
31,direct,A,62,1ey0,THR,SER,-2.1
31,reverse,A,62,2eyh,SER,THR,NA
32,direct,A,62,1ey0,THR,VAL,-0.2
32,reverse,A,62,2eyj,VAL,THR,NA
33,direct,A,66,1ey0,VAL,ILE,-1
33,reverse,A,66,2f0g,ILE,VAL,NA
34,direct,A,66,1ey0,VAL,LEU,-0.3
34,reverse,A,66,2f0h,LEU,VAL,NA
35,direct,A,66,1ey0,VAL,LYS,-7.5
35,reverse,A,66,2snm,LYS,VAL,NA
36,direct,A,72,1ey0,ILE,LEU,-0.2
36,reverse,A,72,2f0i,LEU,ILE,NA
37,direct,A,72,1ey0,ILE,VAL,-1.2
37,reverse,A,72,2f0j,VAL,ILE,NA
38,direct,A,82,1ey0,THR,SER,-0.7
38,reverse,A,82,2eyl,SER,THR,NA
39,direct,A,92,1ey0,ILE,VAL,-0.4
39,reverse,A,92,2f0d,VAL,ILE,NA
40,direct,A,116,1ey0,LYS,GLY,1
40,reverse,A,116,1kab,GLY,LYS,NA
41,direct,A,117,1ey0,PRO,ALA,0.8
41,reverse,A,117,1syg,ALA,PRO,NA
42,direct,A,117,1ey0,PRO,GLY,0.9
42,reverse,A,117,1syc,GLY,PRO,NA
43,direct,A,117,1ey0,PRO,THR,1.1
43,reverse,A,117,1sye,THR,PRO,NA
44,direct,A,120,1ey0,THR,CYS,-1.7
44,reverse,A,120,2eym,CYS,THR,NA
45,direct,A,120,1ey0,THR,SER,-0.6
45,reverse,A,120,2eyo,SER,THR,NA
46,direct,A,120,1ey0,THR,VAL,-1.8
46,reverse,A,120,2eyp,VAL,THR,NA
47,direct,A,128,1ey0,SER,ALA,0.7
47,reverse,A,128,1ey7,ALA,SER,NA
48,direct,A,71,1ihb,PHE,ASN,0.7
48,reverse,A,71,1mx2,ASN,PHE,NA
49,direct,A,82,1ihb,PHE,GLN,-0.4
49,reverse,A,82,1mx4,GLN,PHE,NA
50,direct,A,92,1ihb,PHE,ASN,-1.1
50,reverse,A,92,1mx6,ASN,PHE,NA
51,direct,A,9,1iob,THR,GLY,-2.6
51,reverse,A,9,1hib,GLY,THR,NA
52,direct,A,6,1l63,MET,ALA,-1.9
52,reverse,A,6,245l,ALA,MET,NA
53,direct,A,6,1l63,MET,LEU,-2.8
53,reverse,A,6,230l,LEU,MET,NA
54,direct,A,11,1l63,GLU,HIS,0.1
54,reverse,A,11,1qt6,HIS,GLU,NA
55,direct,A,11,1l63,GLU,ASN,-0.1
55,reverse,A,11,1qt7,ASN,GLU,NA
56,direct,A,17,1l63,ILE,ALA,-2.7
56,reverse,A,17,239l,ALA,ILE,NA
57,direct,A,20,1l63,ASP,ALA,-0.3
57,reverse,A,20,253l,ALA,ASP,NA
58,direct,A,20,1l63,ASP,ASN,1.3
58,reverse,A,20,255l,ASN,ASP,NA
59,direct,A,20,1l63,ASP,SER,0.7
59,reverse,A,20,254l,SER,ASP,NA
60,direct,A,27,1l63,ILE,ALA,-3.1
60,reverse,A,27,240l,ALA,ILE,NA
61,direct,A,27,1l63,ILE,MET,-3.1
61,reverse,A,27,1d2w,MET,ILE,NA
62,direct,A,29,1l63,ILE,ALA,-2.6
62,reverse,A,29,241l,ALA,ILE,NA
63,direct,A,38,1l63,SER,ASN,0
63,reverse,A,38,1l61,ASN,SER,NA
64,direct,A,41,1l63,ALA,SER,-0.6
64,reverse,A,41,120l,SER,ALA,NA
65,direct,A,42,1l63,ALA,VAL,-2.7
65,reverse,A,42,1qtb,VAL,ALA,NA
66,direct,A,42,1l63,ALA,SER,-2.3
66,reverse,A,42,206l,SER,ALA,NA
67,direct,A,43,1l63,LYS,ALA,-1
67,reverse,A,43,1l66,ALA,LYS,NA
68,direct,A,44,1l63,SER,ALA,0.3
68,reverse,A,44,1l68,ALA,SER,NA
69,direct,A,44,1l63,SER,ILE,0.3
69,reverse,A,44,108l,ILE,SER,NA
70,direct,A,44,1l63,SER,LEU,0.4
70,reverse,A,44,110l,LEU,SER,NA
71,direct,A,44,1l63,SER,LYS,0.2
71,reverse,A,44,109l,LYS,SER,NA
72,direct,A,44,1l63,SER,GLU,0
72,reverse,A,44,217l,GLU,SER,NA
73,direct,A,44,1l63,SER,GLY,-0.5
73,reverse,A,44,107l,GLY,SER,NA
74,direct,A,44,1l63,SER,ARG,0.2
74,reverse,A,44,113l,ARG,SER,NA
75,direct,A,44,1l63,SER,ASN,-0.1
75,reverse,A,44,111l,ASN,SER,NA
76,direct,A,44,1l63,SER,PHE,0.1
76,reverse,A,44,137l,PHE,SER,NA
77,direct,A,44,1l63,SER,PRO,-3
77,reverse,A,44,112l,PRO,SER,NA
78,direct,A,44,1l63,SER,THR,0
78,reverse,A,44,114l,THR,SER,NA
79,direct,A,44,1l63,SER,VAL,0.1
79,reverse,A,44,115l,VAL,SER,NA
80,direct,A,46,1l63,LEU,ALA,-1.9
80,reverse,A,46,1l67,ALA,LEU,NA
81,direct,A,47,1l63,ASP,ALA,-1
81,reverse,A,47,1l65,ALA,ASP,NA
82,direct,A,49,1l63,ALA,SER,-0.5
82,reverse,A,49,221l,SER,ALA,NA
83,direct,A,50,1l63,ILE,ALA,-2
83,reverse,A,50,242l,ALA,ILE,NA
84,direct,A,50,1l63,ILE,MET,-0.4
84,reverse,A,50,1d2y,MET,ILE,NA
85,direct,A,58,1l63,ILE,ALA,-3.2
85,reverse,A,58,243l,ALA,ILE,NA
86,direct,A,58,1l63,ILE,THR,-3.4
86,reverse,A,58,1g1v,THR,ILE,NA
87,direct,A,59,1l63,THR,ALA,-1.5
87,reverse,A,59,1lyj,ALA,THR,NA
88,direct,A,59,1l63,THR,ASP,-1.2
88,reverse,A,59,1lyi,ASP,THR,NA
89,direct,A,59,1l63,THR,GLY,-1.6
89,reverse,A,59,1lyh,GLY,THR,NA
90,direct,A,59,1l63,THR,ASN,-1.1
90,reverse,A,59,1lyg,ASN,THR,NA
91,direct,A,59,1l63,THR,SER,-0.2
91,reverse,A,59,1lyf,SER,THR,NA
92,direct,A,59,1l63,THR,VAL,-1.5
92,reverse,A,59,1lye,VAL,THR,NA
93,direct,A,66,1l63,LEU,MET,-1
93,reverse,A,66,1d3j,MET,LEU,NA
94,direct,A,67,1l63,PHE,ALA,-1.9
94,reverse,A,67,246l,ALA,PHE,NA
95,direct,A,72,1l63,ASP,PRO,-2.7
95,reverse,A,72,1l76,PRO,ASP,NA
96,direct,A,73,1l63,ALA,SER,-0.4
96,reverse,A,73,122l,SER,ALA,NA
97,direct,A,75,1l63,VAL,THR,-1.3
97,reverse,A,75,127l,THR,VAL,NA
98,direct,A,78,1l63,ILE,ALA,-1.2
98,reverse,A,78,1ctw,ALA,ILE,NA
99,direct,A,78,1l63,ILE,MET,-1.5
99,reverse,A,78,1cu0,MET,ILE,NA
100,direct,A,78,1l63,ILE,VAL,-0.8
100,reverse,A,78,1p2r,VAL,ILE,NA
101,direct,A,82,1l63,ALA,SER,-0.3
101,reverse,A,82,123l,SER,ALA,NA
102,direct,A,84,1l63,LEU,ALA,-2.6
102,reverse,A,84,247l,ALA,LEU,NA
103,direct,A,84,1l63,LEU,MET,-1.9
103,reverse,A,84,1cu2,MET,LEU,NA
104,direct,A,87,1l63,VAL,ALA,-1.7
104,reverse,A,87,236l,ALA,VAL,NA
105,direct,A,87,1l63,VAL,MET,-2.3
105,reverse,A,87,1cu3,MET,VAL,NA
106,direct,A,87,1l63,VAL,ILE,-0.3
106,reverse,A,87,1p2l,ILE,VAL,NA
107,direct,A,87,1l63,VAL,THR,-1.6
107,reverse,A,87,128l,THR,VAL,NA
108,direct,A,91,1l63,LEU,ALA,-3.9
108,reverse,A,91,1cu6,ALA,LEU,NA
109,direct,A,91,1l63,LEU,MET,-0.8
109,reverse,A,91,1cu5,MET,LEU,NA
110,direct,A,92,1l63,ASP,ASN,-1.4
110,reverse,A,92,1l55,ASN,ASP,NA
111,direct,A,93,1l63,ALA,SER,-0.2
111,reverse,A,93,224l,SER,ALA,NA
112,direct,A,98,1l63,ALA,CYS,-1
112,reverse,A,98,1qsb,CYS,ALA,NA
113,direct,A,98,1l63,ALA,LEU,-4.3
113,reverse,A,98,1qs5,LEU,ALA,NA
114,direct,A,98,1l63,ALA,SER,-2.5
114,reverse,A,98,125l,SER,ALA,NA
115,direct,A,98,1l63,ALA,VAL,-3.2
115,reverse,A,98,1qs9,VAL,ALA,NA
116,direct,A,99,1l63,LEU,ALA,-4.5
116,reverse,A,99,1l90,ALA,LEU,NA
117,direct,A,99,1l63,LEU,PHE,-0.3
117,reverse,A,99,1l91,PHE,LEU,NA
118,direct,A,99,1l63,LEU,ILE,-1.5
118,reverse,A,99,1l92,ILE,LEU,NA
119,direct,A,99,1l63,LEU,MET,-0.6
119,reverse,A,99,1l93,MET,LEU,NA
120,direct,A,99,1l63,LEU,VAL,-2
120,reverse,A,99,1l94,VAL,LEU,NA
121,direct,A,100,1l63,ILE,ALA,-3.4
121,reverse,A,100,244l,ALA,ILE,NA
122,direct,A,100,1l63,ILE,MET,-1.6
122,reverse,A,100,1cup,MET,ILE,NA
123,direct,A,100,1l63,ILE,VAL,-0.4
123,reverse,A,100,1p36,VAL,ILE,NA
124,direct,A,101,1l63,ASN,ALA,-1.5
124,reverse,A,101,1i6s,ALA,ASN,NA
125,direct,A,102,1l63,MET,LEU,-1
125,reverse,A,102,1l77,LEU,MET,NA
126,direct,A,103,1l63,VAL,ALA,-2.2
126,reverse,A,103,238l,ALA,VAL,NA
127,direct,A,103,1l63,VAL,ILE,-0.5
127,reverse,A,103,1p7s,ILE,VAL,NA
128,direct,A,103,1l63,VAL,MET,-1.2
128,reverse,A,103,1cuq,MET,VAL,NA
129,direct,A,104,1l63,PHE,MET,-0.4
129,reverse,A,104,1cv0,MET,PHE,NA
130,direct,A,105,1l63,GLN,MET,-1.2
130,reverse,A,105,1g1w,MET,GLN,NA
131,direct,A,106,1l63,MET,ILE,0.2
131,reverse,A,106,1p46,ILE,MET,NA
132,direct,A,106,1l63,MET,LEU,0.5
132,reverse,A,106,234l,LEU,MET,NA
133,direct,A,106,1l63,MET,LYS,-3.4
133,reverse,A,106,231l,LYS,MET,NA
134,direct,A,109,1l63,THR,ASP,0.6
134,reverse,A,109,1l62,ASP,THR,NA
135,direct,A,109,1l63,THR,ASN,0.1
135,reverse,A,109,1l59,ASN,THR,NA
136,direct,A,111,1l63,VAL,ALA,-1.3
136,reverse,A,111,235l,ALA,VAL,NA
137,direct,A,111,1l63,VAL,ILE,-0.9
137,reverse,A,111,2l78,ILE,VAL,NA
138,direct,A,111,1l63,VAL,MET,-0.7
138,reverse,A,111,1cv1,MET,VAL,NA
139,direct,A,117,1l63,SER,PHE,1.1
139,reverse,A,117,1tla,PHE,SER,NA
140,direct,A,118,1l63,LEU,ALA,-3.2
140,reverse,A,118,1cvk,ALA,LEU,NA
141,direct,A,118,1l63,LEU,MET,-0.7
141,reverse,A,118,1cv4,MET,LEU,NA
142,direct,A,120,1l63,MET,LEU,0.5
142,reverse,A,120,233l,LEU,MET,NA
143,direct,A,120,1l63,MET,LYS,-1.6
143,reverse,A,120,232l,LYS,MET,NA
144,direct,A,120,1l63,MET,TYR,-0.1
144,reverse,A,120,1p6y,TYR,MET,NA
145,direct,A,121,1l63,LEU,MET,-0.8
145,reverse,A,121,1cv3,MET,LEU,NA
146,direct,A,129,1l63,ALA,PHE,-1.2
146,reverse,A,129,1qtc,PHE,ALA,NA
147,direct,A,129,1l63,ALA,TRP,-2.2
147,reverse,A,129,1qtd,TRP,ALA,NA
148,direct,A,130,1l63,ALA,SER,1
148,reverse,A,130,118l,SER,ALA,NA
149,direct,A,133,1l63,LEU,PHE,-0.3
149,reverse,A,133,1p64,PHE,LEU,NA
150,direct,A,133,1l63,LEU,MET,-0.4
150,reverse,A,133,1cv5,MET,LEU,NA
151,direct,A,134,1l63,ALA,SER,-0.1
151,reverse,A,134,119l,SER,ALA,NA
152,direct,A,144,1l63,ASN,GLU,0.5
152,reverse,A,144,1l39,GLU,ASN,NA
153,direct,A,149,1l63,VAL,ALA,-3.2
153,reverse,A,149,237l,ALA,VAL,NA
154,direct,A,149,1l63,VAL,CYS,-2
154,reverse,A,149,1g07,CYS,VAL,NA
155,direct,A,149,1l63,VAL,GLY,-4.9
155,reverse,A,149,1g0p,GLY,VAL,NA
156,direct,A,149,1l63,VAL,ILE,-0.1
156,reverse,A,149,1g0q,ILE,VAL,NA
157,direct,A,149,1l63,VAL,MET,-2.8
157,reverse,A,149,1cv6,MET,VAL,NA
158,direct,A,149,1l63,VAL,THR,-2.8
158,reverse,A,149,126l,THR,VAL,NA
159,direct,A,149,1l63,VAL,SER,-4.4
159,reverse,A,149,1g06,SER,VAL,NA
160,direct,A,152,1l63,THR,ALA,-1.5
160,reverse,A,152,1g0g,ALA,THR,NA
161,direct,A,152,1l63,THR,CYS,-0.5
161,reverse,A,152,1g0k,CYS,THR,NA
162,direct,A,152,1l63,THR,ILE,-0.4
162,reverse,A,152,1g0m,ILE,THR,NA
163,direct,A,152,1l63,THR,SER,-2
163,reverse,A,152,1g0j,SER,THR,NA
164,direct,A,152,1l63,THR,VAL,0.2
164,reverse,A,152,1g0l,VAL,THR,NA
165,direct,A,153,1l63,PHE,ALA,-3.8
165,reverse,A,153,1l85,ALA,PHE,NA
166,direct,A,153,1l63,PHE,ILE,-0.2
166,reverse,A,153,1l86,ILE,PHE,NA
167,direct,A,153,1l63,PHE,LEU,0.3
167,reverse,A,153,1l87,LEU,PHE,NA
168,direct,A,153,1l63,PHE,MET,-0.6
168,reverse,A,153,1l88,MET,PHE,NA
169,direct,A,153,1l63,PHE,VAL,-1.8
169,reverse,A,153,1l95,VAL,PHE,NA
170,direct,A,2,1lz1,VAL,ALA,-1.5
170,reverse,A,2,1oug,ALA,VAL,NA
171,direct,A,2,1lz1,VAL,GLY,-1.3
171,reverse,A,2,1gay,GLY,VAL,NA
172,direct,A,2,1lz1,VAL,SER,-1.4
172,reverse,A,2,1gf8,SER,VAL,NA
173,direct,A,2,1lz1,VAL,TYR,-0.4
173,reverse,A,2,1gf9,TYR,VAL,NA
174,direct,A,2,1lz1,VAL,ASP,-1.4
174,reverse,A,2,1gfa,ASP,VAL,NA
175,direct,A,2,1lz1,VAL,ASN,-1.3
175,reverse,A,2,1gfe,ASN,VAL,NA
176,direct,A,2,1lz1,VAL,ARG,-0.4
176,reverse,A,2,1gfg,ARG,VAL,NA
177,direct,A,2,1lz1,VAL,LEU,0.3
177,reverse,A,2,1gb0,LEU,VAL,NA
178,direct,A,2,1lz1,VAL,MET,-0.2
178,reverse,A,2,1gb2,MET,VAL,NA
179,direct,A,2,1lz1,VAL,PHE,-0.8
179,reverse,A,2,1gb3,PHE,VAL,NA
180,direct,A,20,1lz1,TYR,PHE,-0.5
180,reverse,A,20,1wqn,PHE,TYR,NA
181,direct,A,23,1lz1,ILE,ALA,-2.5
181,reverse,A,23,2heb,ALA,ILE,NA
182,direct,A,23,1lz1,ILE,VAL,-0.4
182,reverse,A,23,1yan,VAL,ILE,NA
183,direct,A,38,1lz1,TYR,PHE,-0.2
183,reverse,A,38,1wqo,PHE,TYR,NA
184,direct,A,45,1lz1,TYR,PHE,0.1
184,reverse,A,45,1wqp,PHE,TYR,NA
185,direct,A,47,1lz1,ALA,PRO,0.1
185,reverse,A,47,1lhl,PRO,ALA,NA
186,direct,A,54,1lz1,TYR,PHE,-1
186,reverse,A,54,1wqq,PHE,TYR,NA
187,direct,A,56,1lz1,ILE,ALA,-3.7
187,reverse,A,56,2hec,ALA,ILE,NA
188,direct,A,56,1lz1,ILE,THR,-4.3
188,reverse,A,56,1oua,THR,ILE,NA
189,direct,A,56,1lz1,ILE,VAL,-1.2
189,reverse,A,56,1yao,VAL,ILE,NA
190,direct,A,59,1lz1,ILE,ALA,-1.7
190,reverse,A,59,2hed,ALA,ILE,NA
191,direct,A,59,1lz1,ILE,GLY,-3.8
191,reverse,A,59,2hee,GLY,ILE,NA
192,direct,A,59,1lz1,ILE,VAL,-1.1
192,reverse,A,59,1yap,VAL,ILE,NA
193,direct,A,63,1lz1,TYR,PHE,-0.2
193,reverse,A,63,1wqr,PHE,TYR,NA
194,direct,A,71,1lz1,PRO,GLY,-1.6
194,reverse,A,71,1lhi,GLY,PRO,NA
195,direct,A,74,1lz1,VAL,ALA,-0.4
195,reverse,A,74,1ouh,ALA,VAL,NA
196,direct,A,74,1lz1,VAL,GLY,-0.1
196,reverse,A,74,1gb5,GLY,VAL,NA
197,direct,A,74,1lz1,VAL,ILE,-1.9
197,reverse,A,74,1gb6,ILE,VAL,NA
198,direct,A,74,1lz1,VAL,LEU,-0.4
198,reverse,A,74,1gb7,LEU,VAL,NA
199,direct,A,74,1lz1,VAL,MET,-0.4
199,reverse,A,74,1gb8,MET,VAL,NA
200,direct,A,74,1lz1,VAL,PHE,0
200,reverse,A,74,1gb9,PHE,VAL,NA
201,direct,A,74,1lz1,VAL,TYR,-0.3
201,reverse,A,74,1gfh,TYR,VAL,NA
202,direct,A,74,1lz1,VAL,ASP,-0.4
202,reverse,A,74,1gfj,ASP,VAL,NA
203,direct,A,74,1lz1,VAL,ASN,-0.3
203,reverse,A,74,1gfk,ASN,VAL,NA
204,direct,A,74,1lz1,VAL,ARG,-0.1
204,reverse,A,74,1gfr,ARG,VAL,NA
205,direct,A,74,1lz1,VAL,SER,-0.4
205,reverse,A,74,1b7s,SER,VAL,NA
206,direct,A,77,1lz1,CYS,ALA,-4.6
206,reverse,A,77,1hnl,ALA,CYS,NA
207,direct,A,89,1lz1,ILE,ALA,-2.7
207,reverse,A,89,2hef,ALA,ILE,NA
208,direct,A,89,1lz1,ILE,VAL,-0.5
208,reverse,A,89,1yaq,VAL,ILE,NA
209,direct,A,91,1lz1,ASP,PRO,-0.4
209,reverse,A,91,1lhk,PRO,ASP,NA
210,direct,A,93,1lz1,VAL,ALA,-0.7
210,reverse,A,93,1oui,ALA,VAL,NA
211,direct,A,99,1lz1,VAL,ALA,-1
211,reverse,A,99,1ouj,ALA,VAL,NA
212,direct,A,100,1lz1,VAL,ALA,-0.3
212,reverse,A,100,1oub,ALA,VAL,NA
213,direct,A,103,1lz1,PRO,GLY,-0.1
213,reverse,A,103,1lhj,GLY,PRO,NA
214,direct,A,106,1lz1,ILE,ALA,-0.9
214,reverse,A,106,2hea,ALA,ILE,NA
215,direct,A,106,1lz1,ILE,VAL,-0.7
215,reverse,A,106,1yam,VAL,ILE,NA
216,direct,A,110,1lz1,VAL,ALA,0.5
216,reverse,A,110,1ouc,ALA,VAL,NA
217,direct,A,110,1lz1,VAL,ASP,0.2
217,reverse,A,110,1gfu,ASP,VAL,NA
218,direct,A,110,1lz1,VAL,GLY,-2.2
218,reverse,A,110,1gbo,GLY,VAL,NA
219,direct,A,110,1lz1,VAL,ILE,-0.8
219,reverse,A,110,1gbw,ILE,VAL,NA
220,direct,A,110,1lz1,VAL,LEU,0.1
220,reverse,A,110,1gbx,LEU,VAL,NA
221,direct,A,110,1lz1,VAL,MET,0.4
221,reverse,A,110,1gby,MET,VAL,NA
222,direct,A,110,1lz1,VAL,ASN,0.1
222,reverse,A,110,1gfv,ASN,VAL,NA
223,direct,A,110,1lz1,VAL,ARG,0.9
223,reverse,A,110,1inu,ARG,VAL,NA
224,direct,A,110,1lz1,VAL,PHE,-1.9
224,reverse,A,110,1gbz,PHE,VAL,NA
225,direct,A,110,1lz1,VAL,PRO,0.5
225,reverse,A,110,1lhh,PRO,VAL,NA
226,direct,A,110,1lz1,VAL,TYR,-0.1
226,reverse,A,110,1gft,TYR,VAL,NA
227,direct,A,121,1lz1,VAL,ALA,-1.4
227,reverse,A,121,1oud,ALA,VAL,NA
228,direct,A,124,1lz1,TYR,PHE,-0.4
228,reverse,A,124,1wqm,PHE,TYR,NA
229,direct,A,125,1lz1,VAL,ALA,-1.3
229,reverse,A,125,1oue,ALA,VAL,NA
230,direct,A,130,1lz1,VAL,ALA,-0.8
230,reverse,A,130,1ouf,ALA,VAL,NA
231,direct,A,32,1oh0,TYR,PHE,0.2
231,reverse,A,32,1dmq,PHE,TYR,NA
232,direct,A,57,1oh0,TYR,PHE,-1.2
232,reverse,A,57,1dmm,PHE,TYR,NA
233,direct,C,25,1rn1,GLN,LYS,1.4
233,reverse,A,25,1rgc,LYS,GLN,NA
234,direct,A,47,1vqb,ILE,LEU,-0.4
234,reverse,A,47,1vqg,LEU,ILE,NA
235,direct,A,47,1vqb,ILE,MET,-1.7
235,reverse,A,47,1vqh,MET,ILE,NA
236,direct,A,47,1vqb,ILE,VAL,-2
236,reverse,A,47,1vqi,VAL,ILE,NA
237,direct,A,35,1vqb,VAL,ILE,-0.6
237,reverse,A,35,1vqj,ILE,VAL,NA
238,direct,A,41,1vqb,TYR,PHE,-3.2
238,reverse,A,41,1yhb,PHE,TYR,NA
239,direct,A,3,2lzm,ILE,LEU,0.7
239,reverse,A,3,149l,LEU,ILE,NA
240,direct,A,3,2lzm,ILE,CYS,0
240,reverse,A,3,172l,CYS,ILE,NA
241,direct,A,3,2lzm,ILE,PRO,-3
241,reverse,A,3,1l96,PRO,ILE,NA
242,direct,A,3,2lzm,ILE,TYR,-2.3
242,reverse,A,3,1l18,TYR,ILE,NA
243,direct,A,3,2lzm,ILE,VAL,-0.4
243,reverse,A,3,1l17,VAL,ILE,NA
244,direct,A,6,2lzm,MET,ILE,-1.4
244,reverse,A,6,150l,ILE,MET,NA
245,direct,A,16,2lzm,LYS,GLU,0.5
245,reverse,A,16,1l42,GLU,LYS,NA
246,direct,A,38,2lzm,SER,ASP,0.6
246,reverse,A,38,1l19,ASP,SER,NA
247,direct,A,55,2lzm,ASN,GLY,-0.6
247,reverse,A,55,1l21,GLY,ASN,NA
248,direct,A,60,2lzm,LYS,PRO,0
248,reverse,A,60,1l56,PRO,LYS,NA
249,direct,A,77,2lzm,GLY,ALA,0.4
249,reverse,A,77,1l23,ALA,GLY,NA
250,direct,A,82,2lzm,ALA,PRO,0.8
250,reverse,A,82,1l24,PRO,ALA,NA
251,direct,A,85,2lzm,LYS,ALA,-0.6
251,reverse,A,85,3c81,ALA,LYS,NA
252,direct,A,89,2lzm,ASP,ALA,-0.5
252,reverse,A,89,3c83,ALA,ASP,NA
253,direct,A,96,2lzm,ARG,ALA,-2
253,reverse,A,96,3c7y,ALA,ARG,NA
254,direct,A,96,2lzm,ARG,ASP,-3.5
254,reverse,A,96,3c8q,ASP,ARG,NA
255,direct,A,96,2lzm,ARG,MET,-2.7
255,reverse,A,96,3cdv,MET,ARG,NA
256,direct,A,96,2lzm,ARG,GLU,-2.5
256,reverse,A,96,3c8s,GLU,ARG,NA
257,direct,A,96,2lzm,ARG,GLY,-2.6
257,reverse,A,96,3c8r,GLY,ARG,NA
258,direct,A,96,2lzm,ARG,GLN,-0.3
258,reverse,A,96,3cdr,GLN,ARG,NA
259,direct,A,96,2lzm,ARG,HIS,-3.1
259,reverse,A,96,3f8v,HIS,ARG,NA
260,direct,A,96,2lzm,ARG,ASN,-3
260,reverse,A,96,3cdt,ASN,ARG,NA
261,direct,A,96,2lzm,ARG,LYS,0
261,reverse,A,96,3c7w,LYS,ARG,NA
262,direct,A,96,2lzm,ARG,SER,-2.6
262,reverse,A,96,3cdq,SER,ARG,NA
263,direct,A,96,2lzm,ARG,TYR,-4.7
263,reverse,A,96,3c80,TYR,ARG,NA
264,direct,A,96,2lzm,ARG,VAL,-2.4
264,reverse,A,96,3cdo,VAL,ARG,NA
265,direct,A,96,2lzm,ARG,TRP,-4.5
265,reverse,A,96,3fi5,TRP,ARG,NA
266,direct,A,98,2lzm,ALA,VAL,-4.9
266,reverse,A,98,1l48,VAL,ALA,NA
267,direct,A,105,2lzm,GLN,ALA,-0.6
267,reverse,A,105,1l00,ALA,GLN,NA
268,direct,A,105,2lzm,GLN,GLU,-1.1
268,reverse,A,105,1l98,GLU,GLN,NA
269,direct,A,105,2lzm,GLN,GLY,-1.5
269,reverse,A,105,1l99,GLY,GLN,NA
270,direct,A,113,2lzm,GLY,ALA,0.3
270,reverse,A,113,1l60,ALA,GLY,NA
271,direct,A,115,2lzm,THR,GLU,0.3
271,reverse,A,115,1l37,GLU,THR,NA
272,direct,A,116,2lzm,ASN,ASP,0.6
272,reverse,A,116,1l57,ASP,ASN,NA
273,direct,A,119,2lzm,ARG,GLU,0
273,reverse,A,119,1l44,GLU,ARG,NA
274,direct,A,123,2lzm,GLN,GLU,0.4
274,reverse,A,123,1l38,GLU,GLN,NA
275,direct,A,124,2lzm,LYS,GLY,-0.1
275,reverse,A,124,1l22,GLY,LYS,NA
276,direct,A,131,2lzm,VAL,ALA,0.3
276,reverse,A,131,1l33,ALA,VAL,NA
277,direct,A,131,2lzm,VAL,ASP,0.1
277,reverse,A,131,1dya,ASP,VAL,NA
278,direct,A,131,2lzm,VAL,GLY,-0.7
278,reverse,A,131,1dyb,GLY,VAL,NA
279,direct,A,131,2lzm,VAL,ILE,0.2
279,reverse,A,131,1dyc,ILE,VAL,NA
280,direct,A,131,2lzm,VAL,LEU,0.1
280,reverse,A,131,1dyd,LEU,VAL,NA
281,direct,A,131,2lzm,VAL,SER,-0.1
281,reverse,A,131,1dye,SER,VAL,NA
282,direct,A,131,2lzm,VAL,MET,0.1
282,reverse,A,131,1dyf,MET,VAL,NA
283,direct,A,131,2lzm,VAL,GLU,0.2
283,reverse,A,131,1dyg,GLU,VAL,NA
284,direct,A,133,2lzm,LEU,ALA,-4.2
284,reverse,A,133,1l69,ALA,LEU,NA
285,direct,A,135,2lzm,LYS,GLU,-1
285,reverse,A,135,1l45,GLU,LYS,NA
286,direct,A,144,2lzm,ASN,ASP,0.4
286,reverse,A,144,1l20,ASP,ASN,NA
287,direct,A,147,2lzm,LYS,GLU,-0.7
287,reverse,A,147,1l46,GLU,LYS,NA
288,direct,A,149,2lzm,VAL,CYS,-2.2
288,reverse,A,149,1l53,CYS,VAL,NA
289,direct,A,152,2lzm,THR,SER,-2.6
289,reverse,A,152,1l52,SER,THR,NA
290,direct,A,154,2lzm,ARG,GLU,-1.1
290,reverse,A,154,1l47,GLU,ARG,NA
291,direct,A,156,2lzm,GLY,ASP,-2.3
291,reverse,A,156,1l16,ASP,GLY,NA
292,direct,A,157,2lzm,THR,ALA,-0.5
292,reverse,A,157,1l02,ALA,THR,NA
293,direct,A,157,2lzm,THR,CYS,-1.3
293,reverse,A,157,1l03,CYS,THR,NA
294,direct,A,157,2lzm,THR,ASP,-1.1
294,reverse,A,157,1l04,ASP,THR,NA
295,direct,A,157,2lzm,THR,GLU,-0.8
295,reverse,A,157,1l06,GLU,THR,NA
296,direct,A,157,2lzm,THR,PHE,-2.4
296,reverse,A,157,1l07,PHE,THR,NA
297,direct,A,157,2lzm,THR,GLY,-1.1
297,reverse,A,157,1l08,GLY,THR,NA
298,direct,A,157,2lzm,THR,HIS,-2.1
298,reverse,A,157,1l09,HIS,THR,NA
299,direct,A,157,2lzm,THR,ILE,-1.5
299,reverse,A,157,1l10,ILE,THR,NA
300,direct,A,157,2lzm,THR,LEU,-1.7
300,reverse,A,157,1l11,LEU,THR,NA
301,direct,A,157,2lzm,THR,ASN,-1.2
301,reverse,A,157,1l12,ASN,THR,NA
302,direct,A,157,2lzm,THR,ARG,0.3
302,reverse,A,157,1l13,ARG,THR,NA
303,direct,A,157,2lzm,THR,SER,-0.7
303,reverse,A,157,1l14,SER,THR,NA
304,direct,A,157,2lzm,THR,VAL,-1.2
304,reverse,A,157,1l15,VAL,THR,NA
305,direct,A,10,2rn2,ASP,ASN,0.9
305,reverse,A,10,1rda,ASN,ASP,NA
306,direct,A,48,2rn2,GLU,GLN,0.2
306,reverse,A,48,1rdb,GLN,GLU,NA
307,direct,A,52,2rn2,ALA,PHE,-0.5
307,reverse,X,52,3aa5,PHE,ALA,NA
308,direct,A,52,2rn2,ALA,ILE,1.9
308,reverse,A,52,3aa2,ILE,ALA,NA
309,direct,A,52,2rn2,ALA,LEU,1.3
309,reverse,A,52,3aa3,LEU,ALA,NA
310,direct,A,52,2rn2,ALA,VAL,1.7
310,reverse,A,52,3aa4,VAL,ALA,NA
311,direct,A,62,2rn2,HIS,ALA,0.4
311,reverse,A,62,1rbs,ALA,HIS,NA
312,direct,A,62,2rn2,HIS,PRO,1.1
312,reverse,A,62,1rbr,PRO,HIS,NA
313,direct,A,70,2rn2,ASP,ASN,0.9
313,reverse,A,70,1rdc,ASN,ASP,NA
314,direct,A,74,2rn2,VAL,LEU,1
314,reverse,A,74,1lav,LEU,VAL,NA
315,direct,A,74,2rn2,VAL,ILE,0.6
315,reverse,A,74,1law,ILE,VAL,NA
316,direct,A,77,2rn2,GLY,ALA,-0.9
316,reverse,A,77,1gob,ALA,GLY,NA
317,direct,A,95,2rn2,LYS,ALA,0.1
317,reverse,A,95,1rbv,ALA,LYS,NA
318,direct,A,95,2rn2,LYS,GLY,1.9
318,reverse,A,95,1rbt,GLY,LYS,NA
319,direct,A,95,2rn2,LYS,ASN,0.9
319,reverse,A,95,1rbu,ASN,LYS,NA
320,direct,A,134,2rn2,ASP,ALA,2.1
320,reverse,A,134,1kva,ALA,ASP,NA
321,direct,A,134,2rn2,ASP,HIS,2.3
321,reverse,A,134,1kvb,HIS,ASP,NA
322,direct,A,134,2rn2,ASP,ASN,1
322,reverse,A,134,1kvc,ASN,ASP,NA
323,direct,A,12,4lyz,MET,PHE,0.5
323,reverse,A,12,1ios,PHE,MET,NA
324,direct,A,12,4lyz,MET,LEU,-0.4
324,reverse,A,12,1iot,LEU,MET,NA
325,direct,A,40,4lyz,THR,SER,-0.3
325,reverse,A,40,1her,SER,THR,NA
326,direct,A,49,4lyz,GLY,ALA,-0.7
326,reverse,A,49,1fn5,ALA,GLY,NA
327,direct,A,55,4lyz,ILE,VAL,-0.9
327,reverse,A,55,1heo,VAL,ILE,NA
328,direct,A,58,4lyz,ILE,MET,-1.2
328,reverse,A,58,1ir8,MET,ILE,NA
329,direct,A,67,4lyz,GLY,ALA,-0.5
329,reverse,A,67,1flu,ALA,GLY,NA
330,direct,A,71,4lyz,GLY,ALA,-2.1
330,reverse,A,71,1flw,ALA,GLY,NA
331,direct,A,78,4lyz,ILE,MET,-0.9
331,reverse,A,78,1ir7,MET,ILE,NA
332,direct,A,91,4lyz,SER,ALA,-0.2
332,reverse,A,91,1lsn,ALA,SER,NA
333,direct,A,91,4lyz,SER,THR,1
333,reverse,A,91,1hem,THR,SER,NA
334,direct,A,98,4lyz,ILE,MET,-0.9
334,reverse,A,98,1ir9,MET,ILE,NA
335,direct,A,102,4lyz,GLY,ALA,-1.2
335,reverse,A,102,1fly,ALA,GLY,NA
336,direct,A,117,4lyz,GLY,ALA,-0.8
336,reverse,A,117,1flq,ALA,GLY,NA
337,direct,A,22,5pti,PHE,ALA,-1.2
337,reverse,A,22,1bti,ALA,PHE,NA
338,direct,A,23,5pti,TYR,ALA,-5.9
338,reverse,A,23,1bpt,ALA,TYR,NA
339,direct,A,35,5pti,TYR,GLY,-5
339,reverse,A,35,8pti,GLY,TYR,NA
340,direct,A,43,5pti,ASN,GLY,-5.7
340,reverse,A,43,1nag,GLY,ASN,NA
341,direct,A,45,5pti,PHE,ALA,-6.9
341,reverse,A,45,1fan,ALA,PHE,NA
